BANNER,STR #,Store Name,"
ADDRESS",CITY,PRV,POSTAL CODE,STORE TELEPHONE,Year-Round Available,On Sale/Promotional
Loblaws,1000,LSL Queen & Portland,585 Queen Street West,Toronto,ON,M5V 2B7,416-703-3419,0,0
Loblaws,1001,LSL Pickering Market,1792 Liverpool Road,Pickering,ON,L1V 1V9,9058316301,0,0
Loblaws,1003,LSL Heartland Market,5970 Mclaughlin Road,Mississauga,ON,L5R 3X9,9055688551,0,0
Loblaws,1004,LSL Leslie  &  Lakeshore,17 Leslie Street,Toronto,ON,M4M 3H9,4164692897,0,0
Loblaws,1007,LSL Maple Leaf Gardens,60 Carlton Street,Toronto,ON,M5B 1J2,416-593-6154,1,0
Loblaws,1010,LSL Empress Market,5095 Yonge Street,North York,ON,M2N 6Z4,4165129430,0,0
Loblaws,1011,LSL Glen Erin Market,5010 Glen Erin Drive,Mississauga,ON,L5M 6J3,9056070580,0,0
Loblaws,1014,LSL Vanier Market,100 McArthur Road,Ottawa,ON,K1L 6P9,6137440705,0,0
Loblaws,1016,LSL Wonderland Market,3040 Wonderland Road South,London,ON,N6L 1A6,5196680719,0,0
Loblaws,1019,LSL Bayview Village,2877 Bayview Village,Toronto,ON,M2K 2S3,4167331783,0,0
Loblaws,1021,LSL Victoria Park Market,50 Musgrave Street,Toronto,ON,M4E 3W2,4166943838,0,0
Loblaws,1022,LSL Lindsay,400 Kent Street West,Lindsay,ON,K9V 6K2,7058784605,0,0
Loblaws,1023,LSL Nepean Robertson,2065A Robertson Road,Napean,ON,K2H 5H9,6138299770,0,0
Loblaws,1027,LSL Fanshawe Market,1740 Richmond Street North,London,ON,N5X 2S7,5196736111,0,0
Loblaws,1028,LSL Richmond Hill,301 High Tec Road,Richmond Hill,ON,L4B 4R2,9057711066,1,0
Loblaws,1029,LSL Dupont & Christie,650 Dupont Street,Toronto,ON,M6G 4B1,4165883756,1,0
Loblaws,1032,LSL Mccowan Market Markham,200 Bullock Drive,Markham,ON,L3P 1W2,9052944922,0,0
Loblaws,1035,LSL Barrhaven,3201 Greenbank Road,Ottawa,ON,K2J 4H9,6138250812,0,0
Loblaws,1040,LSL Princess Market,1100 Princess Street,Kingston,ON,K7L 5G8,6135303861,0,0
Loblaws,1050,LSL College Square Market,1980 Baseline Road,Ottawa,ON,K2C 0C6,6137233200,0,0
Loblaws,1051,LSL Gloucester (New),1980 Ogilvie Rd.,Ottawa,ON,K1J 9L3,6137465724,0,0
Loblaws,1064,LSL Bowmanville Market,2375 Highway #2,Bowmanville,ON,L1C 5A3,9056232600,1,0
Loblaws,1066,LSL Burnhamthorpe Market,380 The East Mall,Etobicoke,ON,M9B 6L5,4166958990,0,0
Loblaws,1079,LSL Queens Quay Market,10 Lower Jarvis Street,Toronto,ON,M5E 1Z2,4163040611,0,0
Loblaws,1082,LSL Merivale,1460 Merivale Road,Ottawa,ON,K2E 5P2,6132266001,0,0
Loblaws,1083,LSL Cataraqui Market Kingston,1048 Midland Avenue,Kingston,ON,K7P 2X9,6133895339,0,0
Loblaws,1090,LSL Port Credit,250 Lakeshore Road West,Port Credit,ON,L5H 1G6,9052719925,0,0
Loblaws,1092,LSL Millwood & Laird,11 Redway Road,Toronto,ON,M4H 1P6,4164255516,0,0
Loblaws,1095,LSL Isabella,64 Isabella Street,Ottawa,ON,K1S 1V4,6132324128,0,0
Loblaws,1099,LSL Humbercrest Market,3671 Dundas Street West,Etobicoke,ON,M6S 2T3,4167697171,0,0
Loblaws,1114,LSL Kanata,200 Earl Grey Drive,Ottawa,ON,K2T 1B6,6135999934,0,0
Loblaws,1127,LSL Collingwood Market,12 Hurontario Street,Collingwood,ON,L9Y 2L6,7054451431,0,0
Loblaws,1132,LSL Carlingwood,2085 Carling Avenue,Ottawa,ON,K2A 1H2,6137223227,0,0
Loblaws,1142,LSL St. Clair Market,12 St. Clair Avenue East,Toronto,ON,M4T 1L7,4169608108,0,0
Loblaws,1154,LSL Dundas & Bloor,2280 Dundas Street  West,Toronto,ON,M6R 1X3,4165334078,0,0
Loblaws,1155,LSL Bayview & Moore,301 Moore Avenue,Toronto,ON,M4G 1E1,4164250604,0,0
Loblaws,1170,LSL Rideau & Nelson,363 Rideau Street,Ottawa,ON,K1N 5Y6,6137893330,0,0
Loblaws,1174,LSL Humbertown,270 The Kingsway,Etobicoke,ON,M9A 3T7,4162310931,0,0
Loblaws,1179,LSL Broadview,720 Broadview Avenue,Toronto,ON,M4K 2P1,4167788762,0,0
Loblaws,1188,LSL South Keys,2210C Bank Street,Ottawa,ON,K1V 1J5,6137331377,0,0
Loblaws,1194,LSL Yonge & Yonge,3501 Yonge Street,North York,ON,M4N 2N5,4164817753,0,0
Loblaws,1200,LSL Elmvale,1910 St Laurent Blvd,Ottawa,ON,K1G 1A4,6135210880,0,0
Loblaws,1208,LSL Yonge & Bernard,10909 Yonge Street,Richmond Hill,ON,L4C 3E3,9057371222,0,0
Loblaws,1212,LSL Forest Hill Market,396 St. Clair Avenue West,Toronto,ON,M5P 3N3,4166515166,0,0
YIG,405,Browns YIG,1251 Main Street,Stittsville,ON,K2S 2E5,6138319268,0,0
YIG,408,Baxtrom's YIG,31 Ninth Street East,Cornwall,ON,K6H6R3,6139388040,0,0
YIG,421,Barnabe's YIG,80 Dufferin Street,Perth,ON,K7H 3A7,6132676763,0,0
YIG,434,Neil's YIG,5200 Highway 69 N,Hanmer,ON,P3P 1Z3,7059694474,0,0
YIG,444,Allan's YIG,1900 Dixie Road,Pickering,ON,L1V 1V4,9058315632,0,0
YIG,450,Wilson's YIG,2681 Alta Vista Drive,Ottawa,ON,K1V 7T5,6137332311,0,0
YIG,458,Battistelli's  YIG,65 Regional Road   #24,Lively,ON,P3Y 1C3,7056923514,0,0
YIG,459,Winkel's YIG,745 Centre Street,Espanola,ON,P5E 1S8,7058690284,0,0
YIG,467,Dessureault YIG,1619 Orleans Avenue,Gloucester,ON,K1C 7E2,6138306880,0,0
YIG,473,Dewe's YIG,400 Dundas Street E,Belleville,ON,K8N 1E8,6139683888,0,0
YIG,476,Grants YIG,832 Tenth Street,Hanover,ON,N4N 1S3,5193644661,0,0
YIG,486,Chartrand's YIG,55 Scott Street,New Liskeard,ON,P0J 1P0,7056478844,0,0
YIG,490,Hartmans YIG,296 Bank St.,Ottawa,ON,K2P 1X8,6132348692,0,0
YIG,497,Pettenuzzo's YIG,15 McChesney Avenue,Kirkland Lake,ON,P2N 3R9,7055674939,0,0
YIG,806,Jonsson's YIG,Kemptville Mall Hwy. 43 W.,Kemptville,ON,K0G 1J0,6132585966,0,0
YIG,810,Davis' YIG,20 Jocelyn Road,Port Hope,ON,L1A 3V5,9058851867,0,0
YIG,812,Larabie's YIG,55 Brunetville Road,Kapuskasing,ON,P5N 2E8,7053374909,0,0
YIG,816,Robinson's YIG,131 Howland Drive,Huntsville,ON,P1H 2P7,7057896972,0,0
YIG,817,Todd's YIG,5121 Country Road #21,Haliburton,ON,K0M 1S0,7054559775,0,0
YIG,818,Gagnon's YIG,270 Wellington Street,Bracebridge,ON,P1L 1B9,7056461412,0,0
YIG,819,Ross' YIG,3777 Strandherd Drive,Nepean,ON,K2J 4B1,6138439413,0,0
YIG,820,Laurin YIG,1560 Cameron Street,Hawkesbury,ON,K6A 3S5,6136329215,0,0
YIG,823,Andress' YIG,25 Ferrara Drive,Smiths Falls,ON,K7A5K6,6132832999,0,0
YIG,825,Steve's YIG,455 McNeely Avenue,Carleton Place,ON,K7C 4S6,6132536206,0,0
YIG,827,Embrun YIG,753 Notre Dame Street,Embrun,ON,K0A 1W0,6134433064,0,0
YIG,831,O'Reilly's YIG,150 Prescott Centre Drive,Prescott,ON,K0E 1T0,6139254625,0,0
YIG,835,Vos' YIG,1893 Scugog Street,Port Perry,ON,L9L 1H9,9059859772,0,0
YIG,839,Fisher's YIG,B30 Beaver Avenue,Beaverton,ON,L0K 1A0,7054262598,0,0
YIG,847,Moncion's  YIG,685 River Road,Ottawa,ON,K1V 2G2,6138224749,0,0
YIG,866,King's YIG,5911 Perth St.,Richmond,ON,K0A 2Z0,613-838-7255,0,0
YIG,870,Robinson's YIG,1160 Beaverwood Road P.O. Box 517,Manotick,ON,K4M 1A5,6136922828,0,0
YIG,878,Morello's YIG,400 Lansdowne Street East,Peterborough,ON,K9L 0B2,7057409365,0,0
YIG,881,Bissonnette's YIG,596 Montreal Road,Ottawa,ON,K1K 0T9,6137450778,0,0
YIG,885,Terry's YIG,290 First Street North,Gravenhurst,ON,P1P 1H3,7056870554,0,0
YIG,889,Patrice's YIG,401 Ottawa Street,Almonte,ON,K0A 1A0,6132562080,0,0
YIG,891,Grenon's YIG,2737 Laurier Street,Rockland,ON,K4K 1A3,613-446-7273,0,0
YIG,894,McDaniel's YIG,200 Grant Carman,Nepean,ON,K2E 7Z8,6137271672,0,0
YIG,895,Hansen's YIG,62 Thames Road East,Exeter,ON,N0M 1S3,5192356131,0,0
YIG,896,Dumas' YIG,82 Lorne Street,Sudbury,ON,P3C 4N8,7056713051,0,0
YIG,2601,Wilkinson's YIG,227 Main Street,Delhi,ON,N4B 2N4,5195820864,0,0
YIG,2608,Smylie's YIG,293 Dundas St E,Trenton,ON,K8V 1M1,6133920297,0,0
YIG,2611,Chartrand's YIG,4764-17 Regional Road 15,Chelmsford,ON,P0M 1L0,7058554588,0,0
YIG,2614,McDonalds YIG,780 Queen Street East PO Box 220,St Mary's,ON,N4X 1B1,5192841426,0,0
YIG,2624,Vrab's YIG,1836 Regent Street South,Sudbury,ON,P3E 3Z8,7055227111,0,0
YIG,2628,Dailey's YIG,654 Algonquin Blvd East,Timmins,ON,P4N 8R4,7052648233,0,0
YIG,2638,Rowland's YIG,1244 Goderich St.,Port Elgin,ON,N0H 2C0,5193896800,0,0
YIG,2639,Parker's YIG,1 LAURENTIAN AVENUE,North Bay,ON,P1B 9P2,7054728866,0,0
YIG,2640,Chartrand's YIG,420 Main Street South,Alexandria,ON,K0C 1A0,6135252566,0,0
YIG,2648,Laura's YIG,300 Eagleson  Road,Kanata,ON,K2M 1C9,6135923850,0,0
YIG,2653,Rocheleau YIG,1521 Highway 11 West,Hearst,ON,P0L 1N0,7053621168,0,0
YIG,2655,Heidi's YIG,4136 Petrolia Street,Petrolia,ON,N0N 1R0,5198822211,0,0
YIG,2656,McDonough's YIG,2241 Riverside Drive,Ottawa,ON,K1H 7X5,613-733-1590,0,0
YIG,2682,Tremblett's YIG,273 King Street West,Ingersoll,ON,N5C 2K9,519-425-4406,0,0
YIG,2683,Rome's YIG,44 Great Northern Road,Sault Ste. Marie,ON,P6B 4Y5,705-253-1726,0,0
Zehrs,500,Zehrs Clairfiled,1750 Gordon St.,Guelph,ON,N1L 0G6,519-836-0760,0,0
Zehrs,505,Zehrs Bradford (OPEN 12/7/12),500 Holland St. West,Bradford,ON,L3Z 0A2,90-577-81297,0,0
Zehrs,507,Zehrs Essa Road,11 Bryne Drive,Barrie,ON,L4N 8V8,7057331119,0,0
Zehrs,509,Zehrs Alliston,30 King Street South,Alliston,ON,L9R 1H6,7054349391,0,0
Zehrs,510,Zehrs Cundles,201 Cundles Rd East,Barrie,ON,L4M 4S5,7057395002,0,0
Zehrs,513,Zehrs Pioneer Park,123 Pioneer Park,Kitchener,ON,N2P 1K8,5197484222,0,0
Zehrs,515,Zehrs Hiway Centre,1375 Weber St. East,Kitchener,ON,N2A 2Y7,5197484570,0,0
Zehrs,519,Zehrs Caledonia,322 Argyle Street South,Caledonia,ON,N3W 1K8,9057658207,0,0
Zehrs,520,Zehrs Keswick,24018 Woodbine Ave Rr # 2,Keswick,ON,L4P 3E9,9054761318,0,0
Zehrs,521,Zehrs  Malden Road,5890 Malden Road,Windsor,ON,N9H 1S4,5199666030,0,0
Zehrs,522,Zehrs Pen Centre,221 Glendale Ave (At Hwy 406),St. Catharines,ON,L2T 2K9,9059843420,0,0
Zehrs,523,Zehrs Stanley Park,1005 Ottawa Street,Kitchener,ON,N2A 1H1,5198937930,0,0
Zehrs,524,Zehrs Beechwood,450 Erb St. West,Waterloo,ON,N2T 1H4,5198864900,0,0
Zehrs,525,Zehrs Glenridge,315 Lincoln Road,Waterloo,ON,N2J 4H7,5198851360,0,0
Zehrs,528,Zehrs Conestoga,555 Davenport Road,Waterloo,ON,N2L 6L2,5197460125,0,0
Zehrs,529,Zehrs Parkway Mall,7201 Tecumseh Rd East,Windsor,ON,N8T 3K4,5199741000,0,0
Zehrs,531,Zehrs Hartsland,160 Kortright Road West,Guelph,ON,N1G 4W2,5197637995,0,0
Zehrs,532,Zehrs Goderich,35400D Huron Road,Goderich,ON,N7A 4C6,5195242229,0,0
Zehrs,533,Zehrs Cambridge Cntr,400 Conestoga Blvd.,Cambridge,ON,N1R 7L7,5196201376,0,0
Zehrs,535,Zehrs Listowel,600 Mitchell Rd Hwy 23 South,Listowel,ON,N4W 3T1,5192915515,0,0
Zehrs,536,Zehrs Geneva Street,Fairview Mall  285 Geneva St.,St Catharines,ON,L2N 2G1,9056467671,0,0
Zehrs,537,Zehrs Niagara,6940 Morrison Street,Niagara Falls,ON,L2E 7K5,9053585544,0,0
Zehrs,538,Zehrs Eramosa,297 Eramosa Road,Guelph,ON,N1E 2M7,5197634550,0,0
Zehrs,539,Zehrs Fergus,800 Tower Street South,Fergus,ON,N1M 2R3,5198435500,0,0
Zehrs,540,Zehrs Fairview,410 Fairview Drive,Brantford,ON,N3R 7V7,5197544932,0,0
Zehrs,543,Zehrs King George,290 King George Rd Nth/Hiway24,Brantford,ON,N3R 5L8,5197518988,0,0
Zehrs,545,Zehrs Hespeler,180 Holiday Inn Drive,Cambridge,ON,N3C 3Z4,5196584689,0,0
Zehrs,546,Zehrs Bayfield,472 Bayfield Street,Barrie,ON,L4M 5A2,7057356689,0,0
Zehrs,550,Zehrs Welland,821 Niagara St. North,Welland,ON,L3C 1M4,9057329377,0,0
Zehrs,552,Zehrs Uxbridge,323 Toronto St.S,Uxbridge,ON,L9P 1N2,9058521212,0,0
Zehrs,554,Zehrs Orangeville,50 4th Ave,Orangeville,ON,L9W 1L0,5199424223,0,0
Zehrs,555,Zehrs Kincardine,3-665 Philip Place,Kincardine,ON,N2Z 2Y8,5193963474,0,0
Zehrs,557,Zehrs Stratford,865 Ontario Street,Stratford,ON,N5A 7Y2,5192736164,0,0
Zehrs,558,Zehrs Bolton,487 Queen St. S,Bolton,ON,L7E 2B4,9059519555,0,0
Zehrs,559,Zehrs Imperial,1045 Paisely Road,Guelph,ON,N1K 1X6,5198260080,0,0
Zehrs,560,Zehrs Laurentian,750 Ottawa St South,Kitchener,ON,N2E 1B6,5197445981,0,0
Zehrs,563,Zehrs Owen Sound,1150 16th Street East,Owen Sound,ON,N4K 1Z3,5193711196,0,0
Zehrs,565,Zehrs Big Bay Point,620 Yonge Street,Barrie,ON,L4N 4E6,7057352390,0,0
Zehrs,570,Zehrs Tillsonburg,400 Simcoe Street,Tillsonburg,ON,N4G 4X1,5198429031,0,0
Zehrs,572,Zehrs Kingsville,300 Main St. E,Kingsville,ON,N9Y 3S9,5197336556,0,0
Zehrs,573,Zehrs St Clair Beach,400 Manning Road,Windsor,ON,N8N 4Z4,5197353774,0,0
Zehrs,576,Zehrs - South Cambridge,200 Frankliin Blvd,Cambridge,ON,N1R 5S2,5196248170,0,0
Zehrs,579,Zehrs Woodstock,969 Dundas Street,Woodstock,ON,N4S 1H2,5194213411,0,0
Zehrs,580,Zehrs Orillia,289 Coldwater Road,Orillia,ON,L3V 6J3,7053255777,0,0
Zehrs,4402,Laurentian Learning Centre,750 Ottawa St South,Kitchener,ON,N2E 1B6,519-744-2741,0,0
Giant Tiger,125,,12 Main Street North,Acton,ON,L7J 1W1,,0,0
Giant Tiger,117,,570 Westney Road South,Ajax,ON,L1S 6V6,,0,0
Giant Tiger,61,,595 Alexandria Main Street South,Alexandria,ON,K0C 1A0,,0,0
Giant Tiger,33,,46 Victoria Street East,Alliston,ON,L9R 1W1,,0,0
Giant Tiger,45,,3 Massey Street,Angus,ON,L0M 1B0,,0,0
Giant Tiger,11,,80 Elgin Street West,Arnprior,ON,K7S 1N5,,0,0
Giant Tiger,179,,320 Yonge Street,Barrie,ON,L4N 4C8,,0,0
Giant Tiger,64,,161 Bridge Street West,Belleville,ON,K8P 1K2,,0,0
Giant Tiger,205,,264 Millennium Parkway,Belleville,ON,K8N 4Z5,,0,0
Giant Tiger,203,,228 Chatham South,Blenheim ,ON,N0P 1A0,,0,0
Giant Tiger,114,,378 Queen Street South,Bolton,ON,L7E 4Z7,,0,0
Giant Tiger,151,,370 Main Street North,Brampton,ON,L6V 4A4,,0,0
Giant Tiger,166,,82 King George Road,Brantford,ON,N3R 5K4,,0,0
Giant Tiger,108,,300 Park Street,Brockville,ON,K6V 2J1,,0,0
Giant Tiger,65,,120 Main Street,Cambridge,ON,N1R 1V7,,0,0
Giant Tiger,110,, 927 King Street East,Cambridge,ON,N3H 3P4,,0,0
Giant Tiger,26,,547 Grand Road,Campbellford,ON,K0L 1L0,,0,0
Giant Tiger,14,,320 Coleman Street,Carleton Place,ON,K7C 0B5,,0,0
Giant Tiger,87,,19 Racine Street,Casselman,ON,K0A 1M0,,0,0
Giant Tiger,154,,132 Richmond Street,Chatham,ON,N7M 1N9,,0,0
Giant Tiger,17,,180-6th Avenue,Cochrane,ON,P0L 1C0,,0,0
Giant Tiger,184,,190 Saint Marie Street,Collingwood,ON,L9Y 3K5,,0,0
Giant Tiger,35,,609 Pitt Street,Cornwall,ON,K6J 3R8,,0,0
Giant Tiger,47,,32 Ridge Road,Deep River,ON,K0J 1P0,,0,0
Giant Tiger,63,,231 Queen Street,Dunnville,ON,N1A 1H8,,0,0
Giant Tiger,52,,654 Notre Dame Street,Embrun,ON,K0A 1W0,,0,0
Giant Tiger,85,, 270 Centre Street Hwy 6,Espanola,ON,P5E 1G2,,0,0
Giant Tiger,168,,2141 Kipling Avenue,Etobicoke,ON,M9W 4K8,,0,0
Giant Tiger,121,Fonthill Shopping Centre,20 Highway 20 East,Fonthill,ON,L0S 1E0,,0,0
Giant Tiger,92,,2950 Bank Street,Gloucester,ON,K1T 1N8,,1,0
Giant Tiger,66,,82 South Street,Goderich,ON,N7A 3L6,,0,0
Giant Tiger,86,,1190 Muskoka Road South,Gravenhurst,ON,P1P 1K9,,0,0
Giant Tiger,50,,36 Main Street West,Grimsby,ON,L3M 1R3,,0,0
Giant Tiger,202,,183 Silvercreek Parkway North,Guelph,ON,N1H 3T2,,0,0
Giant Tiger,101,,13 King Street West,Hagersville,ON,N0A 1H0,,0,0
Giant Tiger,21,,33 Cannon Street East,Hamilton,ON,L8L 1Z7,,0,0
Giant Tiger,104,,969 Upper Ottawa Street,Hamilton,ON,L8T 4V9,,0,0
Giant Tiger,57,,39 King Street East,Harrow,ON,N0R 1G0,,0,0
Giant Tiger,27,,277 Regent Street,Hawkesbury,ON,K6A 1G1,,0,0
Giant Tiger,133,,111 Charles Street East,Ingersoll,ON,N5C 1J9,,0,0
Giant Tiger,53,,2970 County Road 43,Kemptville,ON,K0G 1J0,,0,0
Giant Tiger,150,,811-813 Princess Street,Kingston,ON,K7L 1G6,,0,0
Giant Tiger,59,,36 Government Road East,Kirkland Lake,ON,P2N 1A3,,0,0
Giant Tiger,103,,421 Greenbrook Drive,Kitchener,ON,N2M 4K1,,0,0
Giant Tiger,120,,351 Margaret Avenue,Kitchener,ON,N2H 4J6,,0,0
Giant Tiger,139,,55 Angeline Street North,Lindsay,ON,K9V 5B7,,0,0
Giant Tiger,75,,201 Main Street East,Listowel,ON,N4W 2B8,,0,0
Giant Tiger,97,,1251 Huron Street,London,ON,N5Y 4V1,,0,0
Giant Tiger,119,Southcrest Plaza,390 Springbank Drive,London,ON,N6J 1G9,,0,0
Giant Tiger,135,,639 Southdale Road East,London,ON,N6E 3M2,,0,0
Giant Tiger,78,,1168 Maple Street,Manotick,ON,K4M 1A5,,0,0
Giant Tiger,76,,328 Main Street East,Mattawa,ON,P0H 1V0,,0,0
Giant Tiger,128,,9225 County Road 93,Midland,ON,L4R 4K4,,0,0
Giant Tiger,152,,3200 Erin Mills Parkway,Mississauga,ON,L5L 1W8,,1,0
Giant Tiger,105,,12334 County Road #2,Morrisburg,ON,K0C 1X0,,0,0
Giant Tiger,19,,13 Industrial Boulevard,Napanee,ON,K7R 1M7,,0,0
Giant Tiger,18,,32 Whitewood Avenue,New Liskeard,ON,P0J 1P0,,0,0
Giant Tiger,146,,130 Davis Drive,Newmarket,ON,L3Y 2N1,,0,0
Giant Tiger,137,,6161 Thorold Stone Road,Niagara Falls,ON,L2J 1A4,,0,0
Giant Tiger,195,,278 Lakeshore Drive,North Bay,ON,P1A 2C2,,0,0
Giant Tiger,174,,130 Atherley Road,Orillia,ON,L3V 1N3,,0,0
Giant Tiger,31,,2396 St. Joseph Blvd.,Orleans,ON,K1C 1G1,,0,0
Giant Tiger,155,,900 Watters Road,Orleans,ON,K4A 0B4,,0,0
Giant Tiger,173,,250 Taunton Road East,Oshawa,ON,L1G 7T1,,0,0
Giant Tiger,1,,98 George Street,Ottawa,ON,K1N 5W2,,0,0
Giant Tiger,10,,1085 Wellington Street West,Ottawa,ON,K1Y 2Y4,,0,0
Giant Tiger,22,,2865 DuMaurier Avenue,Ottawa,ON,K2B 7W3,,1,0
Giant Tiger,82,,2480 Walkley Road,Ottawa,ON,K1G 6A9,,1,0
Giant Tiger,122,Shoppers City,2016 Ogilvie Road,Ottawa,ON,K1J 7N9,,0,0
Giant Tiger,169,,1861 Robertson Road,Ottawa,ON,K2H 9N5,,0,0
Giant Tiger,60,,6081 Hazeldean Road,Ottawa,ON,K2S 1B9,,0,0
Giant Tiger,115,,"1020 10th St. West, Unit D",Owen Sound,ON,N4K 5S1,,0,0
Giant Tiger,3,,171 Alexander Street,Pembroke,ON,K8A 4L8,,0,0
Giant Tiger,7,,88 Dufferin Street,Perth,ON,K7H 3A7,,0,0
Giant Tiger,62,,2657 Lakefield Road,Peterborough,ON,K0L 2H0,,0,0
Giant Tiger,34,,20 Elizabeth Street,Picton,ON,K0K 2T0,,0,0
Giant Tiger,141,,216 Goderich Street,Port Elgin,ON,N0H 2C1,,0,0
Giant Tiger,192,,145 Peter Street,Port Hope,ON,L1A 1C5,,0,0
Giant Tiger,9,,103 Churchill Road,Prescott,ON,K0E 1T0,,0,0
Giant Tiger,12,,48 Raglan Street,Renfrew,ON,K7V 1N6,,0,0
Giant Tiger,25,,1657 Laurier Street,Rockland,ON,K4K 1L4,,0,0
Giant Tiger,93,,560 Exmouth Street,Sarnia,ON,N7T 5P5,,0,0
Giant Tiger,206,,1249 London Road,Sarnia,ON,N7S 4T3,,0,0
Giant Tiger,159,,682 Kennedy Road,Scarborough,ON,M1K 2B5,,0,0
Giant Tiger,178,,3750 Lawrence Avenue East,Scarborough,ON,M1G 1R1,,0,0
Giant Tiger,39,,226 First Avenue,Shelburne,ON,L0N 1S0,,0,0
Giant Tiger,106,,150 West Street,Simcoe,ON,N3Y 5C1,,0,0
Giant Tiger,6,,29 Chambers Street,Smiths Falls,ON,K7A 2Y3,,0,0
Giant Tiger,72,,249 St-Catharines Street,Smithville,ON,L0R 2A0,,0,0
Giant Tiger,20,,114-4858 Hwy 101,South Porcupine,ON,P0N 1K0,,0,0
Giant Tiger,107,,350 Scott Street,St. Catharines,ON,L2N 6T4,,0,0
Giant Tiger,144,,120 Welland Avenue,St. Catharines,ON,L2R 2N3,,0,0
Giant Tiger,96,,780 Talbot Street,St. Thomas,ON,N5P 1E2,,0,0
Giant Tiger,176,,800 Queenston Road,Stoney Creek,ON,L8G 1A7,,0,0
Giant Tiger,124,,5892 Main Street,Stouffville,ON,L4A 2S8,,0,0
Giant Tiger,80,,477 Huron Street,Stratford,ON,N5A 5T8,,0,0
Giant Tiger,54,,360 Caradoc Street South,Strathroy,ON,N7G 2P6,,0,0
Giant Tiger,28,,42 William Street,Sturgeon Falls,ON,P2B 2A5,,0,0
Giant Tiger,100,,2208 LaSalle Boulevard,Sudbury,ON,P3A 2A8,,0,0
Giant Tiger,81,,20875 Dalton Road,Sutton,ON,L0E 1R0,,0,0
Giant Tiger,208,,1869 Riverside Drive,Timmins,ON,P4R 0A5,,0,0
Giant Tiger,73,,87 Dundas Street West,Trenton,ON,K8V 3P4,,0,0
Giant Tiger,140,,200 Fitch Street,Welland,ON,L3C 2V9,,0,0
Giant Tiger,191,,601 Dundas Street West,Whitby,ON,L1N 2N3,,0,0
Giant Tiger,123,,4501 Tecumseh Road East,Windsor,ON,N8W 1K6,,0,0
Giant Tiger,145,,8380 Wyandote Street East,Windsor,ON,N8S 1T6,,0,0
Giant Tiger,190,,930 Dundas Street,Woodstock,ON,N4S 8X6,,0,0
Longos,2,Longo’s Oakville,338 Dundas Street East,Oakville,ON,L6H 6Z9,,1,0
Longos,3,Longo’s Fairview,1225 Fairview Street,Burlington,ON,L7S 1Y3,,1,0
Longos,4,Longo’s Markham,3085 Highway No 7,Markham,ON,L3R 1L5,,1,0
Longos,5,Longo’s Bayview,7355 Bayview Avenue,Thornhill,ON,L3T 5Z2,,0,0
Longos,6,Longo’s Weston,9200 Weston Road,Woodbridge,ON,L4H 2P8,,1,0
Longos,7,Longo’s Brampton,7700 Hurontario Street,Brampton,ON,L6Y 4M3,,1,0
Longos,8,Longo’s Glen Erin,5636 Glen Erin Drive,Mississauga,ON,L5M 6B1,,1,0
Longos,9,Longo’s N Burlington,2900 Walkers Line,Burlington,ON,L7M 4M8,,1,0
Longos,10,Longo’s York Mills,808 York Mills Road,Toronto,ON,M3B 1X7,,1,0
Longos,11,Longo’s Rutherford,5283 Rutherford Road,Woodbridge,ON,L4L 1R8,,1,0
Longos,12,Longo’s Maple,2810 Major MacKenzie Drive,Maple,ON,L6A 1R8,,1,0
Longos,13,Longo’s Winston Churchill,3163 Winston Churchill Blvd,Mississauga,ON,L5L 2W1,,1,0
Longos,14,Longo’s Ponytrail,1891 Rathburn Road East,Mississauga,ON,L4W 3Z3,,1,0
Longos,15,The Market by Longos @ BCE,181 Bay St,Toronto,ON,M5J 2T3,,0,0
Longos,16,Longo’s Burloak,3455 Wyecroft Rd,Oakville,ON,L6L 0B1,,1,0
Longos,17,Longo’s Boxgrove,"98 Copper Creek Drive,",Markham,ON,L6B 0P2,,1,0
Longos,18,The Market by Longos @ City Hall,111 Elizabeth St,Toronto,ON,M5G 1P7,,0,0
Longos,19,Longo's Aurora,650 Wellington St E,Aurora,ON,L4G 0K3,,1,0
Longos,20,Longo's Bathurst,9306 Bathurst St.,Vaughan,ON,L6A 4N9,,1,0
Longos,21,Longo's HBC,100 Bloor Street East,Toronto,ON,M4W 1A7,,0,0
Longos,22,Longo's Richmond Hill,10870 Yonge St.,Toronto,ON,L4C 3E4,,1,0
Longos,23,Longo's First Canadian Place,"100 King Street, West",Toronto,ON,M5X 1A9,,0,0
Longos,24,Longo's Maple Leaf Square (MLS),15 York Street ,Toronto,ON,M5J 0A3,,1,0
Longos,25,Longo's Milton,1079 Maple Ave,Milton,ON,L9T 0A5,,1,0
Longos,26,Longo's Leaside,85 Laird Drive,Toronto,ON,M4G 3T8,,1,0
Longos,27,Longo's Chartwell,469 Cornwall Road,Oakville,ON,L6J 7S8,,1,0
Longos,28,Longo's Applewood,1077 North Service Road,Mississauga,ON,L4Y 1A6,,1,0
Longos,29,Longo's,111 St. Clair Ave W,Toronto,ON,M4V 1N5,,1,0
Longos,30,Longo's Sandalwood,65 Dufay Road,Brampton,ON,L7A 0B5,,1,0
Wal-Mart,,,1280 STEELES AVE E,MILTON,ON,L9T 6R1,905 864 6027,1,0
Wal-Mart,,,1400 OTTAWA ST S UNIT E,KITCHENER,ON,N2E 4E2,519 745 2297,1,0
Wal-Mart,,,450 TERMINAL AVE,OTTAWA,ON,K1G 0Z3,613 562 0500,1,0
Wal-Mart,,,800 MATHESON BLVD W,MISSISSAUGA,ON,L5V 2N6,905 817 9688,1,0
Wal-Mart,,,9455 MISSISSAUGA RD,BRAMPTON WEST,ON,L6X 0Z8,905 451 6307,1,0
Wal-Mart,,,5995 STEELES AVE E,SCARBOROUGH,ON,M1V 5P6,416 298 1210,1,0
Wal-Mart,,,500 COPPER CREEK DR,MARKHAM,ON,L6B 0S1,905 472 9582,1,0
Wal-Mart,,,1900 MAJOR MACKENZIE DR,VAUGHAN,ON,L6A 4R9,905 417 3766,1,0
Wal-Mart,,,255 SILVER LINDEN DR,RICHMOND HILL,ON,L4B 4V5,905 747 0628,1,0
Wal-Mart,,,3132 EGLINTON AVE E,SCARBOROUGH,ON,M1J 2H1,416 265 2355,1,0
Wal-Mart,,,5085 MAYFIELD RD,BRAMPTON,ON,L6R 3S9,905 793 5478,1,0
Wal-Mart,,,1500 DUNDAS ST E,MISSISSAUGA,ON,L4X 1L4,905 615 1018,1,0
Wal-Mart,,,7333 GOREWAY DR,MALTON,ON,L4T 2T8,905-612-8076,1,0
Wal-Mart,,,3757 KEELE ST,TORONTO,ON,M3J 1N4,416 633 0854,1,0
Wal-Mart,,,2202 JANE ST,NORTH YORK,ON,M3M 1A4,416 243 2363,1,0
Wal-Mart,,,6700 CH SE LA COTE DES NEIGES,MONTREAL,QC,H3S 2B2,,1,0
Wal-Mart,,,15 RESOLUTION DR,BRAMPTON,ON,L6W 0A6,905-452-1710,1,0
Wal-Mart,,,3820 DE LA COTE VERTU BLVD,ST-LAURENT,QC,H4R 1P8,514-832-4810,1,0
Wal-Mart,,,550 BOUL WILFRID HAMEL,Quebec,QC,G1M 2S6,418-641-5945,1,0
Wal-Mart,,,270 KINGSTON RD E R R # 1,AJAX,ON,L1Z 1G1,905 426 6160,1,0
Wal-Mart,,,165 N QUEEN ST,ETOBICOKE,ON,M9C 1A7,416 239 7090,1,0
Wal-Mart,,,17000 RTE TRANS CANADA,KIRKLAND,QC,H9J 2M5,514 695 3040,1,0
Wal-Mart,,,6797 BLVD NEWMAN,LA SALLE,QC,H8N 3E4,514 368 2248,1,0
Wal-Mart,,,2075 CHOMDEDY BLVD,LAVAL,QC,H7T 0G5,450 681 1126,1,0
Wal-Mart,,,1280 FANSHAWE PK RD W,LONDON,ON,N6G 5B1,519 472 7100,1,0
Wal-Mart,,,5000 HWY # 7 UNIT # Y006A,MARKHAM,ON,L3R 4M9,905 477 6060,1,0
Wal-Mart,,,3155 ARGENTIA RD,MEADOWVALE,ON,L5N 8E1,905 821 8150,1,0
Wal-Mart,,,100 CITY CTR DR,MISSISSAUGA,ON,L5B 2G7,905 270 9300,1,0
Wal-Mart,,,234 HAYS BLVD,OAKVILLE,ON,L6H 6M4,905 257 5740,1,0
Wal-Mart,,,3900 INNES RD,ORLEANS,ON,K1W 1K9,613 837 9399,1,0
Wal-Mart,,,401 BOUL LABELLE,ROSEMERE,QC,J7A 3T2,450 435 2982,1,0
Wal-Mart,,,1305 LAWRENCE AVE W,TORONTO,ON,M6L 1A5,416 244 1171,1,0
Wal-Mart,,,900 DUFFERIN ST,TORONTO,ON,M6H 4A9,416 537 2561,1,0
Wal-Mart,,,799 MILNER AVE,SCARBOROUGH,ON,M1B 3C3,416 281 2929,1,0
Wal-Mart,,,4100 BALDWIN ST S,WHITBY,ON,L1R 3H8,905 576 8561,1,0
Wal-Mart,,,3120 DOUGALL AVE,WINDSOR,ON,N9E 1S7,519 969 8121,1,0
Wal-Mart,,,7100 TECUMSEH RD E,WINDSOR,ON,N8T 1E6,519 945 3065,1,0
Wal-Mart,,,35 MAPLEVIEW DR W,BARRIE,ON,L4N 9H5,705 728 9122,1,0
Wal-Mart,,,50 QUARRY EDGE DR,BRAMPTON,ON,L6V 4K2,905 874 0112,1,0
Wal-Mart,,,30 COVENTRY RD,BRAMPTON,ON,L6T 5P9,905 793 1983,1,0
Wal-Mart,,,101 EDGELEY BLVD,CONCORD,ON,L4K 4Z4,905 761 7945,1,0
Wal-Mart,,,1900 EGLINTON AVE E,SCARBOROUGH,ON,M1L 2L9,416 615 2027,1,0
Wal-Mart,,,1899 BROCK RD RETAIL,PICKERING,ON,L1V 4H7,905 619 9588,1,0
Wal-Mart,,,700 AUT CHOMEDEY QUEST,LAVAL,QC,H7X 3S9,450 969 3226,1,0
Wal-Mart,,,1070 MAJOR MACKENZIE DR UNIT A,RICHMOND HILL,ON,L4S 1P3,905 737 3457,1,0
Wal-Mart,,,300 BOROUGH DR,SCARBOROUGH,ON,M1P 4P5,416 290 1916,1,0
Wal-Mart,,,6990 MUMFORD RD,HALIFAX,NS,B3L 4W4,902 454 7990,1,0
Wal-Mart,,,2160 BURNHAMTHORPE RD W,MISSISSAUGA,ON,L5L 5Z5,905 608 0922,1,0
Wal-Mart,,,2245 ISLINGTON AVE,TORONTO,ON,M9W 3W6,416 747 6499,1,0
Wal-Mart,,,700 CTR ST,THORNHILL,ON,L4J 0A7,905 709 4494,1,0
Real Canadian Superstore,512,,25-45th Street South,Wasaga Beach,ON,L9Z 1A7,7054294315,0,0
Real Canadian Superstore,551,,1063 Talbot Street Unit 50,St. Thomas,ON,N5P 1G4,5196376358,0,0
Real Canadian Superstore,562,,791 St Clair Street North,Chatham,ON,N7M 5J7,5193524982,0,0
Real Canadian Superstore,566,,201 Talbot Street East,Leamington,ON,N8H 3X5,5193221371,0,0
Real Canadian Superstore,567,,4371 Walker Road,Windsor,ON,N8W 3T6,5199728335,1,0
Real Canadian Superstore,569,,9292 County Road,Midland,ON,L4R 4K4,7055270388,0,0
Real Canadian Superstore,577,,411 Louth Street,St. Catharines,ON,L2S 4A2,9059848408,0,0
Real Canadian Superstore,1009,,190 Richmond Road,Ottawa,ON,K1Z 6W6,6137225890,1,0
Real Canadian Superstore,1012,,30 Kingston Road West,Ajax,ON,L1T 4K8,9056832272,1,0
Real Canadian Superstore,1017,,1972 Parkedale Avenue,Brockville,ON,K6V 5T2,6134980994,0,0
Real Canadian Superstore,1018,,18120 Yonge Street,Newmarket,ON,L3Y 4V8,9058304072,0,0
Real Canadian Superstore,1024,,201 Oak Walk Drive,Oakville,ON,L6H 6M3,9052579099,1,0
Real Canadian Superstore,1030,,15900 Bayview Avenue,Aurora,ON,L4G 7Y3,9057269532,1,0
Real Canadian Superstore,1033,,51 Gerry Fitzgerald Dr,Toronto,ON,M3J 3N4,4166653209,1,0
Real Canadian Superstore,1043,,1385 Harmony Rd North,Oshawa,ON,L1H 7K5,9054339569,0,0
Real Canadian Superstore,1058,,200 Taunton Road West,Whitby,ON,L1R 3H8,9056663038,1,0
Real Canadian Superstore,1071,,4270 Innes Road,Ottawa,ON,K4A 5E6,6138240842,0,0
Real Canadian Superstore,1071,,4270 Innes Road,Ottawa,ON,K4A 5E6,6138240842,1,0
Real Canadian Superstore,1077,,825 Don Mills Road,Toronto,ON,M3C 1V4,4163910080,1,0
Real Canadian Superstore,1080,,3050 Argentia Road,Mississauga,ON,L5N 8E1,9057858928,1,0
Real Canadian Superstore,1091,,825 Oxford Street East,London,ON,N5Y 3J8,5194344662,1,0
Real Canadian Superstore,2800,,2549 Weston Road,Toronto,ON,M9N 2A7,4162469192,1,0
Real Canadian Superstore,2801,,85 Steeles Ave West,Brampton,ON,L6Y 0B5,9054514999,1,0
Real Canadian Superstore,2803,,1485 Lasalle Blvd,Sudbury,ON,P3A 5H7,7055604961,0,0
Real Canadian Superstore,2806,,361 South Service Road,Grimsby,ON,L3M 4E8,9053093911,0,0
Real Canadian Superstore,2809,,1755 Brimley Road,Scarborough,ON,M1P OA3,416-279-0802,1,0
Real Canadian Superstore,2810,,820 Main Street East,Milton,ON,L9T 0J4,9058753451,1,0
Real Canadian Superstore,2811,,171 Guelph Street,Georgetown,ON,L7G 4A1,9058775393,0,0
Real Canadian Superstore,2812,,1205 Oxford Street,London,ON,N6H 1V9,5196413653,1,0
Real Canadian Superstore,2813,,760 Eagleson Road,Ottawa,ON,K2M 0A7,6132546050,1,0
Real Canadian Superstore,2818,,125 Queensway East,Simcoe,ON,N3Y 4M5,5194267743,0,0
Real Canadian Superstore,2822,,875 Highland Road West,Kitchener,ON,N2N 2Y2,5197454781,1,0
Real Canadian Superstore,2823,,626 Victoria Street,Strathroy,ON,N7G 3C1,5192455277,0,0
Real Canadian Superstore,2826,,600 Murphy Road,Sarnia,ON,N7S 2X1,5193838300,0,0
Real Canadian Superstore,2827,,2430 Dougall Ave.,Windsor,ON,N8X 1T2,5199721010,1,0
Real Canadian Superstore,2831,,769 Borden Avenue,Peterborough,ON,K9J 0B6,705-749-6962,0,0
Real Canadian Superstore,2841,,3045 Mavis Road,Mississauga,ON,L5C 1T7,9052756171,1,0
Real Canadian Superstore,2842,,481 Gibb Street,Oshawa,ON,L1J 1Z4,9057430043,0,0
Real Canadian Superstore,4401,,2549 Weston Road,Toronto,ON,M9N 2A7,416-244-5391,0,0
Sobeys,537,Angus Sobeys,247 Mill Street,Angus,ON,L0M 1B1,705-424-1588,0,1
Sobeys,637,Maple Grove Sobeys,511 Maple Grove Drive,Oakville,ON,L6J 4W3,905-849-0691,0,1
Sobeys,639,Acton Sobeys,372 Queen Street East,Acton,ON,L7J 2N3,519-853-1960,0,1
Sobeys,640,Woodstock Sobeys,379 Springbank Avenue,Woodstock,ON,N4T 1R3,519-421-3340,0,1
Sobeys,641,Highland Sobeys,274 Highland Road West,Kitchener,ON,N2M 3C5,519-744-6561,0,1
Sobeys,642,Grimsby Sobeys,44 Livingston Avenue,Grimsby,ON,L3M 1L1,905-945-9973,0,0
Sobeys,649,Bridgeport Sobeys,94 Bridgeport Road,Kitchener,ON,N2J 2J4,519-885-4170,0,0
Sobeys,657,Ajax Sobeys,260 Kingston Road West,Ajax,ON,L1T 4E4,905-426-7144,0,1
Sobeys,659,Clark & Hilda Sobeys,441 Clark Avenue West,Thornhill,ON,L4J 6W7,905-764-3770,0,0
Sobeys,664,Simcoe Sobeys,438 Norfolk Street South,Simcoe,ON,N3Y 2X3,519-426-4799,0,1
Sobeys,667,South Ajax Sobeys,955 Westney Road South,Ajax,ON,L1S 3K7,905-683-1425,0,1
Sobeys,678,Cambridge Sobeys,130 Cedar Street,Cambridge,ON,N1S 1W4,519-622-8906,0,1
Sobeys,685,Ira Needles Sobeys,235 Ira Needles Blvd,Kitchener,ON,N2N 0B2,519-743-9491,0,1
Toronto/Urban,691,Bay St. Sobeys,777 Bay Street Unit C209,Toronto,ON,M5G 2C8,416-506-1626,0,0
Toronto/Urban,693,St. Clair Sobeys,81 St. Clair Avenue East,Toronto,ON,M4T 1M7,416-413-0594,0,0
Sobeys,694,Ancaster Sobeys,977 Golflinks Road,Ancaster,ON,L9K 1K1,905-648-3534,0,1
Toronto/Urban,695,Rosebury Square Sobeys,145 Marlee Avenue,Toronto,ON,M6B 3H3,416-781-0145,0,0
Toronto/Urban,701,Mount Pleasant Sobeys,710 Mount Pleasant Road,Toronto,ON,M4S 2N6,416-483-1290,0,0
Sobeys,707,North Park Sobeys,930 North Park Drive,Brampton,ON,L6S 3Y5,905-791-8022,1,0
Sobeys,709,Shellard Lane Sobeys,310 Colborne Streetm West,Brantford,ON,N3T 1M2,519-758-1648,0,0
Sobeys,712,Barrie Sobeys,37 Mapleview Drive West,Barrie,ON,L4N 9H5,705-728-9858,0,1
Sobeys,715,Algonquin Sobeys,1899 Algonquin Avenue North,North Bay,ON,P1B 4Y3,705-472-4001,0,0
Sobeys,732,Chatham Sobeys,215 Park Avenue West,Chatham,ON,N7M 1W3,519-380-0550,0,1
Sobeys,741,Kipling Sobeys,1255 The Queensway,Toronto,ON,M8Z 1S1,416-252-5845,0,1
Sobeys Extra,742,Burlington Sobeys Extra,1250 Brant Street,Burlington,ON,L7P 1X8,905-332-3373,0,0
Sobeys Extra,743,Aurora Sobeys Extra,15500 Bayview Avenue,Aurora,ON,L4G 7J1,905-726-2530,0,0
Sobeys,777,Glen Abbey Sobeys,1500 Upper Middle Road,Oakville,ON,L6M 3G3,905-847-1909,0,0
Sobeys,794,Vaughan Sobeys,9200 Bathurst Street,Thornhill,ON,L4J 8W1,905-731-7600,0,1
Toronto/Urban,819,High Park Sobeys,199 Roncesvalles Ave.,Toronto,ON,M6R 2L5,416-588-3363,0,0
Sobeys,832,Brighton Sobeys,"Box 670, 14 Main Street",Brighton,ON,K0K 1H0,613-475-0200,0,0
Sobeys,851,Whitby Sobeys,1615 Dundas Street East,Whitby,ON,L1N 2L1,905-435-0780,0,1
Sobeys,852,Fischer-Hallman Sobeys,1187 Fischer Hallman Road,Kitchener,ON,N2E 4H9,519-576-1280,0,1
Sobeys,858,Pickering Sobeys,1899 Brock Road,Pickering,ON,L1V 4H7,905-619-9130,0,1
Sobeys,859,Beamsville Sobeys,4610 Ontario Street,Beamsville,ON,L0R 1B3,905-563-1088,0,0
Sobeys,863,North London Sobeys,1595 Adelaide Street North,London,ON,N5X 4E8,519-645-8868,0,1
Sobeys,865,Mayfield Sobeys,11965 Hurontario Street,Brampton,ON,L6Z 4P7,905-846-5658,0,1
Toronto/Urban,867,Queens Quay Sobeys,207 Queens Quay West,Toronto,ON,M5J 1A7,416-603-1212,0,0
Sobeys,873,St. Clair Beach Sobeys,19 Amy Croft Drive,St. Clair Beach,ON,N8N 2L9,519-735-4110,0,1
Sobeys,877,Kanata Sobeys,700 Terry Fox Drive,Kanata,ON,K2L 4H4,613-831-1444,0,0
Sobeys,878,Columbia Sobeys,450 Columbia Street West,Waterloo,ON,N2T 2W1,519-880-9143,0,0
Sobeys,899,Paris Sobeys,307 Grand River Street North,Paris,ON,N3L 2N9,519-442-4485,0,1
Sobeys,914,Port Colborne Sobeys,287 West Side Rd.,Port Colborne,ON,L3K 5L2,905-834-0220,0,1
Sobeys,915,Niagara Falls Sobeys,3714 Portage Rd.,Niagara Falls,ON,L2J 2K9,905-371-2270,0,0
Sobeys,916,Scott & Niagara Sobeys,400 Scott St.,St. Catharines,ON,L2M 3W4,905-935-9974,0,0
Sobeys,922,Mississauga Sobeys,5602 Tenth Line West,Mississauga,ON,L5M 7L9,905-858-2899,1,0
Sobeys,923,Alliston Sobeys,161 Yonge Street,Alliston,ON,L9R 2A9,705-434-9512,0,0
Sobeys,925,Oshawa Sobeys,1377 Wilson Road N.,Oshawa,ON,L1K 2Z5,905-440-4687,0,1
Sobeys,928,Jefferson Square Sobeys,11700 Yonge Street,Richmond Hill,ON,L4E 0K4,905-508-7585,1,0
Sobeys,929,Glendale & Merritt Sobeys,343 Glendale Avenue,St Catharines,ON,L2T 0A1,905-680-8563,0,0
Toronto/Urban,933,Yonge & Balliol Sobeys,22 Balliol Street,Toronto,ON,M4S 1C1,416-485-1022,0,0
Toronto/Urban,934,Spadina & Bremner Sobeys,22 Fort York Boulevard,Toronto,ON,M5V 3Z2,416-623-5111,0,0
Sobeys,935,Collingwood Sobeys,39 Huron Street,Collingwood,ON,L9Y 1C5,705-445-3534,0,1
Sobeys,937,Airport & Countryside Sobeys,10970 Airport Road,Brampton,ON,L6R 0E1,905-793-7481,0,0
Sobeys,938,Danforth Sobeys,2451 Danforth Avenue East,Toronto,ON,M4C 1L1,416-698-6868,0,1
Sobeys,939,Dupont Sobeys,840 Dupont Street,Toronto,ON,M6G 1Z8,416-534-3588,0,1
Toronto/Urban,4711,Metcalfe Sobeys,193 Metcalfe Street,Ottawa,ON,K2P 1P6,613-598-0027,0,0
Sobeys,4712,Tillsonburg Sobeys,678 Broadway Street,Tilsonburg,ON,N4G 4H3,519-688-1734,0,0
Sobeys,4714,Barrhaven Sobeys,1581 Greenbank Road,Nepean,ON,K2J 4Y6,613-825-5495,0,0
Sobeys,4716,Gravenhurst Sobeys,225 Edward Street,Gravenhurst,ON,P1P 1K8,705-684-8302,0,0
Sobeys,4718,Fort Erie Sobeys,450 Garrison Road.,Fort Erie,ON,L2A 1N2,905-871-0463,0,1
Sobeys Extra,4719,Milton Sobeys extra,1035 Bronte Street South,Milton,ON,L9T 8X3,905-636-7521,1,0
Sobeys,4721,Stratford Sobeys,"581 Huron Street, Unit #1",Stratford,ON,N5A 5T8,519-271-5340,0,0
Sobeys,4724,Dunnville Sobeys,1012 Broad Street East,Dunnville,ON,N1A 2Z2,905-701-6662,0,0
Sobeys,4726,Laird & Wicksteed Sobeys,147 Laird Drive,Toronto,ON,M4G 4K1,416-423-1644,0,0
Sobeys,4728,Todmorden Sobeys,1015 Broadview Avenue,Toronto,ON,M4K 2S2,416-421-5906,0,0
Sobeys,4729,Northfield Sobeys,640 Parkside Drive,Waterloo,ON,N2L 0C7,519-746-3821,0,0
Sobeys,4730,Grand Bend Sobeys,55 Main Street East,Grand Bend,ON,N0M 1T0,519-238-8944,0,0
Sobeys,4731,Bronte Sobeys,2441 Lakeshore Road West,Oakville,ON,L6L 1H6,905-825-2278,0,0
Sobeys,4732,Parry Sound Sobeys,25 Pine Drive,Parry Sound,ON,P2A 3B7,705-746-7511,0,0
Sobeys,6703,Picton Sobeys,"97 Main Street, Village Centre",Picton,ON,K0K 2T0,613-476-3246,0,1
Sobeys,6704,Bradford Sobeys,40 Melbourne Drive,Bradford,ON,L3Z 3B8,905-775-3301,0,0
Sobeys,6709,Blenheim Sobeys,20210 Communication Road PO Box 789,Blenheim,ON,N0P 1A0,519-676-9044,0,0
Sobeys,6712,Towerhill Sobeys,501 Towerhill Road,Peterborough,ON,K9H 7N2,705-740-9026,0,0
Sobeys,6713,Peterborough Sobeys,1200 Lansdowne Street West,Peterborough,ON,K9J 2A1,705-748-5655,0,0
Sobeys,6715,Fonthill Sobeys,110 Highway #20,Fonthill,ON,L0S 1E0,905-892-2570,0,1
Sobeys,6716,New Hamburg Sobeys,100 Mill Street,New Hamburg,ON,N3A 1R1,519-662-1374,0,1
Sobeys,6723,Kincardine Sobeys,814 Durham Street,Kincardine,ON,N2Z 2Y8,519-395-0022,0,1
Sobeys,6726,Stittsville Sobeys,6315 Hazeldean Road,Stittsville,ON,K2S 1B9,613-836-7295,0,0
Sobeys,6727,March Road Sobeys,840 March Road,Kanata,ON,K2W 0C9,613-599-8965,0,0
Sobeys,6729,South Pelham Sobeys,609 South Pelham.,Welland,ON,L3C 3C7,905-735-7467,0,0
Sobeys,6730,Flamborough Sobeys,255 Dundas Street,Waterdown,ON,L0R 2H6,905-689-0662,0,0
Sobeys,7314,Amherstburg Sobeys,83 Sandwich Street South,Amherstburg,ON,N9V 1Z5,519-736-4520,0,0
Sobeys,7331,Fenelon Falls Sobeys,15 Lindsay Street,Fenelon Falls,ON,K0M 1N0,705-887-3611,0,0
Sobeys,7368,Alcona Beach Sobeys,2080 Jans Blvd,Innisfil,ON,L9S 4Y8,705-431-6667,0,0
Sobeys,7380,Brampton Sobeys,8975 Chinguacousy Road,Brampton,ON,L6Y 0J2,905-796-1517,1,0
Sobeys,7383,Queensway Sobeys,125 The Queensway,Toronto,ON,M8Y 1H6,416-259-1758,1,0
Sobeys,7466,Orangeville Sobeys,500 Riddell Road,Orangeville,ON,L9W 5L1,519-941-1339,0,0
Sobeys,7496,Trim & Innes Sobeys,5150 Innes Road,Orleans,ON,K4A 0G4,613-590-2205,0,0
Sobeys,7497,Sutton Sobeys,"20954 Dalton Road, Box430",Sutton West,ON,L0E 1R0,905-722-5671,0,1
Price Chopper,7984,Jane & Sheppard P.C.,"2699 Jane Street, South",Toronto,ON,M3L 1S3,416-746-7898,0,0
Price Chopper,9604,Bridlewood P.C.,2900 Warden Avenue,Scarborough,ON,M1W 2S8,416-497-2871,0,0
Price Chopper,9610,Bathurst P.C.,6201 Bathurst Street,Willowdale,ON,M9R 2A3,416-223-8585,0,0
FreshCo,9701,Bovaird & Conestoga FC,380 Bovaird Square,Brampton,ON,L6T 3S1,905-840-0770,1,0
FreshCo,9705,Glen Erin & Britannia FC,6040 Glen Erin Drive,Mississauga,ON,L5N 3M4,905-826-0582,1,0
FreshCo,9707,Dixie & Dundas FC,3100 Dixie Road,Mississauga,ON,L2Y 2A6,905-279-8840,1,0
FreshCo,9709,Goreway & Derry FC,7205 Goreway Drive,Malton,ON,L4T 2T9,905-677-0239,1,0
FreshCo,9712,Third Line & Dundas FC,2501 Third Line,Oakville,ON,L6M 5A9,905-827-6322,1,0
FreshCo,9714,Market & Icomm FC,50 Market Street South,Brantford,ON,N3S 2E3,519-759-7952,0,1
FreshCo,9715,Upper Middle & Walkers Line FC,3505 Upper Middle Road,Burlington,ON,L7M 4C6,905-315-9104,0,0
FreshCo,9718,Ontario & Southworth FC,835 Ontario Rd,Welland,ON,L3B 5E1,905-735-2525,0,0
FreshCo,9719,Kingston & Whites FC,650 Kingston Road,Pickering,ON,L1V 1A6,905-837-8611,0,1
FreshCo,9720,King & Townline FC,1414 King St East,Courtice,ON,L1E 3B4,905-433-7735,0,0
FreshCo,9723,Simcoe & Byng FC,1150 Simcoe Street North,Oshawa,ON,L1G 4W7,905-576-9562,0,0
FreshCo,9725,Parliament & Dundas FC,325 Parliament Street,Toronto,ON,M5A 2Z3,416-955-0717,1,0
FreshCo,9726,Hwy 12 & 7 FC,5959 Baldwin Street South,Brooklin,ON,L1M 1T6,905-655-7405,0,0
FreshCo,9728,Tecumseh & McDougall FC,300 Tecumseh Road East,Windsor,ON,N8X 5E8,519-253-5495,0,0
FreshCo,9729,Tecumseh & Rivard FC,5415 Tecumseh Road East,Windsor,ON,N8T 1C5,519-251-1999,0,0
FreshCo,9730,Trafalgar & Highbury FC,1298 Trafalgar Street,London,ON,N5Z 1H9,519-453-7770,0,0
FreshCo,9731,Ontario & Carleton FC,318 Ontario Street,St. Catharines,ON,L2R 5L8,905-684-8597,1,0
FreshCo,9732,Malden & Delmar FC,5840 Malden Road,Windsor,ON,N9H 1S4,519-250-6555,0,0
FreshCo,9733,St. Andrew & Beatty Lane FC,753 St.Andrew Street West,Fergus,ON,N1M 3H2,519-843-1875,0,0
FreshCo,9734,Robertson & Moodie FC,2150 Robertson Road,Nepean,ON,K2H 9S1,613-726-8038,0,0
FreshCo,9735,Carleton Place & Lansdowne FC,110 Lansdowne Avenue,Carleton Place,ON,K7C 2T7,613-253-6141,0,0
FreshCo,9736,Westmount & Ottawa FC,720 Westmount Road,Kitchener,ON,N2E 2M6,519-578-7851,1,0
FreshCo,9738,Rymal Rd & Upper Gage FreshCo,905 Rymal Road East,Hamilton,ON,L8W 3M2,905-383-9930,0,0
FreshCo,9740,Speedvale & Stevenson FC,330 Speedvale Aveune East,Guelph,ON,N1E 1N5,519-822-9850,0,0
FreshCo,9742,University & Bridge FC,425 University Avenue East,Waterloo,ON,N2K 4C9,519-576-0259,0,1
FreshCo,9745,Bunting & Welland FC,286 Bunting Road,St. Catharines,ON,L2M 7S5,905-687-9462,0,0
FreshCo,9748,Major Mackenzie & Leslie FC,1430 Major MacKenzie East,Richmond Hill,ON,L4S 1P5,905-770-9370,1,0
FreshCo,9750,Gerrard & Victoria Park FC,2490 Gerrard Street East,Scarborough,ON,M1N 1W7,416-698-3353,1,0
FreshCo,9752,Leamington Erie Street FC,250 Erie Street South,Leamington,ON,N8H 3C5,519-322-0713,0,0
FreshCo,9755,Adelaide & Huron FC,1080 Adelaide Street,London,ON,N5Y 2N1,519-673-4992,1,0
FreshCo,9757,Bank&Findlay Creek FC,4750 Bank Street,Ottawa,ON,K1T 0K8,613-822-4549,0,0
FreshCo,9759,Centre & McCulloch FC,800 Centre Street,Espanola,ON,P5E 1J3,705-869-6777,0,0
FreshCo,9760,Pine Valley & Wonderland FC,"981 Wonderland Rd., S Unit 1",London,ON,N6K 4L3,519-649-4584,1,0
FreshCo,9761,Mountain & First FC,55 Mountain Road,Collingwood,ON,L9Y 4M2,705-445-7080,0,0
FreshCo,9762,Trout Lake & Connaught FC,2555 Trout Lake Road,North Bay,ON,P1B 7S8,705-495-4221,0,0
FreshCo,9763,Cann & Chaffey FC,12 Cann Street,Huntsville,ON,P1H 1H3,705-789-9172,0,0
FreshCo,9764,Lansdowne & The Parkway FC,"950 Lansdowne Street, West",Peterborough,ON,K9J 1Z9,705-742-4559,0,1
FreshCo,9765,Brock & George FC,181 Brock Street,Peterborough,ON,K9H 2P6,705-745-1113,0,0
FreshCo,9766,Ontario & Dundas FC,30 Ontario Street,Trenton,ON,K8V 5S9,613-394-2791,0,0
FreshCo,9769,Yonge & Bristol FC,18075 Yonge Street,Newmarket,ON,L3Y 8V1,905-953-1576,0,0
FreshCo,9770,Queensway & Glenwood FC,443 The Queensway South,Keswick,ON,L4P 2C9,905-476-7773,0,0
FreshCo,9771,Steeles & Bathurst FC,800 Steeles Ave W,Vaughan,ON,L4J 7L2,905-669-0336,1,0
FreshCo,9772,Princess& Anderson FC,2327 Princess Street,Kingston,ON,K7M 3G1,613-542-5719,0,0
FreshCo,9773,Barton & Strathearne FC,1565 Barton Street East,Hamilton,ON,L8H 2Y3,905-545-5826,0,0
FreshCo,9778,Jane & Finch FC,3925 Jane Street,North York,ON,M3N 2K1,416-398-8260,0,0
FreshCo,9779,Spence & Blvd Cartier FC,400 Spence Avenue,Hawkesbury,ON,K6A 2Y3,613-632-6017,0,0
FreshCo,9780,Queen & Gladstone FC,22 Northcote Avenue,Toronto,ON,M6J 3K3,416-537-4124,0,0
FreshCo,9781,Leslie & Lakeshore F.C,731 Eastern Avenue,Toronto,ON,M4M 3H6,416-465-7360,1,0
FreshCo,9784,Brant & Upper Middle FC,2201 Brant Street,Burlington,ON,L7P 3N8,905-335-2466,0,0
FreshCo,9795,Talbot & First FC,1010 Talbot Street,St. Thomas,ON,N5P 1E2,519-637-8570,0,0
FreshCo,9803,Barton & Gage FC,"869 Barton Street, East",Hamilton,ON,L8L 3B4,905-549-3573,0,0
FreshCo,9812,Longworth & Scugog FC,680 Longworth Avenue,Clarington,ON,L1C 0C7,905-697-0315,0,0
FreshCo,9817,Broadway & Dawson FC,286 Broadway Avenue,Orangeville,ON,L9W 1L1,519-942-1122,0,0
FreshCo,9821,Chinguacousy & Sandalwood FC,10651 Chinguacousy Road,Brampton,ON,L7A 0N5,905-495-4951,1,0
FreshCo,9822,Huron Church & Tecumseh FC,1500 Huron Church Road Unit 1,Windsor,ON,N9C 3Z3,519-252-7664,0,0
FreshCo,9823,Hwy 56 & Maggie Johnson FC,2525 Regional Road 56,Binbrook,ON,L0R 1C0,905-692-8027,0,0
FreshCo,9824,McArthur & LaFontaine FC,318 McArthur Avenue,Vanier,ON,K1L 5G2,613-744-4343,0,0
FreshCo,9825,Bayfield & Livingstone FC,409 Bayfield Street,Barrie,ON,L4M 6E5,705-739-1100,1,0
FreshCo,9829,Kalar & Lundy's Lane FC,5931 Kalar Road,Niagara Falls,ON,L2H 0L4,905-371-3113,0,1
FreshCo,9831,Weber & Franklin FC,1111 Weber Street,Kitchener,ON,N2A 2Y2,519-893-8003,0,1
FreshCo,9837,Ninth & Marlborough FC,525 Ninth Street East,Cornwall,ON,K6H 0A3,613-933-0295,0,0
FreshCo,9846,Cottrelle & 50 FC,3998 Cottrelle Blvd,Brampton,ON,L6P 2R1,905-794-2263,1,0
FreshCo,9847,Main & Jasperson FC,430 Main St E,Kingsville,ON,N9Y 0C1,519-733-8227,0,0
FreshCo,9851,Queen & McLaughlin FC,398 Queen Street West,Brampton,ON,L6X 1B3,905-454-8840,1,0
FreshCo,9852,Bloor & Dundas FC,2440 Dundas Street West,Toronto,ON,M6P 4A9,416-516-3550,0,0
FreshCo,9860,Queenston & Nash FC,700 Queenston Road Unit A,Hamilton,ON,L8G 1A3,905-560-5111,0,0
FreshCo,9861,Upper Gage & Fennell FC,601 Upper Gage Ave,Hamilton,ON,L8V 4J7,905-318-4873,0,0
FreshCo,9862,Wyanndotte & Frank FC,8100 Wyandotte Street East,Windsor,ON,N8S 1T3,519-251-8875,0,0
FreshCo,9863,Commissioners & Wellington FC,645 Commissioners Road East,London,ON,N6C 2T9,519-685-9581,0,0
FreshCo,9864,McCowan & Ellesmere FC,1255 McCowan Road,Scarborough,ON,M1H 2K3,416-431-2555,1,0
FreshCo,9865,Dundas & Erindale Station FC,1151 Dundas Street West,Mississauga,ON,L5C 1C4,905-896-4516,1,0
FreshCo,9867,McCowan & Bur Oak FC,9580 McCowan Road North,Markham,ON,L3P 3J3,905-887-4366,1,0
FreshCo,9868,Hwy 2 & Kendalwood FC,1801 Dundas Street East,Whitby,ON,L1N 7C5,905-720-3016,1,0
FreshCo,9869,Hurontario & Dundas FC,2500 Hurontario Street,Mississauga,ON,L5B 1N4,905-270-6823,1,0
FreshCo,9870,Guelph & Sinclair FC,325 Guelph Street,Georgetown,ON,L7G 4B3,905-873-0622,0,0
FreshCo,9871,North Front & Tracey FC,305 Front Street North,Belleville,ON,K8P 3C3,613-966-0270,0,0
FreshCo,9872,Hespler & Dundas FC,1 Hespeler Road,Cambridge,ON,N1R 8L4,519-620-4454,1,0
FreshCo,9873,Lawrence & Midland FC,2650 Lawrence Avenue E Unit 1,Scarborough,ON,M1P 2S1,416-755-9431,1,0
FreshCo,9874,Bramalea & Sandalwood CHALO FC,10615 Bramlea Road,Brampton,ON,L6R 3P4,905-793-0558,1,0
FreshCo,9876,Dundas & Main FC,75 Dundas Street,Cambridge,ON,N1R 6G5,519-620-9022,0,0
FreshCo,9877,Brock St & Gilbert FC,350 Brock Street,Whitby,ON,L1N 4K4,905-666-1691,0,1
FreshCo,9878,Dundas & Runnymede FC,3400 Dundas Street West,Toronto,ON,M6S 2S1,416-767-1510,1,0
FreshCo,9879,Eglinton & Gabian Way FC,2330 Eglinton Avenue West,Toronto,ON,M6M 1S6,416-651-6430,1,0
FreshCo,9880,Dufferin & Dupont FC,1245 Dupont Street,Toronto,ON,M6H 2A6,416-537-2670,1,0
FreshCo,9881,King & Wilson FC,564 King Street East,Oshawa,ON,L1H 1G5,905-571-4835,0,0
FreshCo,9882,Bramalea City Centre FC,12 Team Canada Drive,Brampton,ON,L6T 3R5,905-793-8117,1,0
FreshCo,9883,Wentworth & Cedar FC,199 Wentworth Street West,Oshawa,ON,L1J 6P4,905-434-7213,0,0
FreshCo,9886,Major Mackenzie & Weston FC,3737 Major Mackenzie Drive RR2,Vaughan,ON,L4L 1A6,905-303-3144,1,0
Metro,703,,1989 Salem Road North,Ajax,ON,L1T 0J9,905-427-5748,1,0
Metro,314,,375 Daniel Street S,Arnprior,ON,K7S 3K6,613-623-6273,0,1
Metro,767,,"1 Henderson Drive, Unit #1",Aurora,ON,L4G 1J7,905-727-0185,1,0
Metro,135,,400 Bayfield Street,Barrie,ON,L4M 5A1,705-722-8284,0,1
Metro FR,588,,28 Bay Street,Barry's Bay,ON,K0J 1B0,613-756-7097,0,0
Metro,404,,110 North Front Street,Belleville,ON,K8P 3B6,613-962-0056,0,0
Metro,453,,243 King Street East,Bowmanville,ON,L1C 3X1,905-623-3888,1,0
Metro,349,,505 Highway 118 West,Bracebridge,ON,P1L 1T3,705-645-8751,0,0
Metro,83,,20 Great Lakes Drive,Brampton,ON,L6R 2K7,905-789-6161,1,0
Metro,360,,180 Sandalwood Pkwy.,Brampton,ON,L6Z 1Y4,905-846-2222,1,0
Metro,425,,156 Main Street South,Brampton,ON,L6W 2C9,905-459-6212,0,0
Metro,495,,25 Peel Centre Dr.,Brampton,ON,L6T 3R5,905-793-4828,1,0
Metro,325,,371 St. Paul Ave.,Brantford,ON,N3R 4N5,519-753-6763,0,1
Metro,269,,237 King Street West,Brockville,ON,KV6 3S2,613-345-4260,0,0
Metro,84,,2010 Appleby Line,Burlington,ON,L7L 6M6,905-331-7900,0,0
Metro,273,,21 Richer Circle,Casselman,ON,K0A 1M0,613-764-3882,0,0
Metro,248,,3442 Errington Ave. N.,Chelmsford,ON,P0M 1L0,705-855-4328,0,1
Metro,905,,1111 Elgin Street West,Cobourg,ON,K9A 4X5,905-372-9799,0,1
Metro,178,,640 First Street Extension,Collingwood,ON,L9Y 4Y7,705-444-5252,0,0
Metro,257,,1400 Vincent Massey Dr.,Cornwall,ON,K6J 5N4,613-937-3663,0,0
Metro,102,,15 Governor's Road,Dundas (Hamilton),ON,L9H 6L9,905-627-4791,1,0
Metro,65,,2208 Lakeshore Blvd West,Etobicoke,ON,M8V 1A4,416-201-0441,1,0
Metro,702,,250 East Mall,Etobicoke,ON,M9B 3Y8,416-233-4149,1,0
Metro,704,,201 Lloyd Manor,Etobicoke,ON,M9B 6H6,416-236-3217,1,0
Metro,748,,1500 Royal York N.,Etobicoke,ON,M9P 3B6,416-244-7169,0,0
Metro,159,,333 King Street E.,Gananoque,ON,K7G 1G6,613-382-7090,0,0
Metro,140,,367 Mountainview Road S,Georgetown,ON,L7G 5X3,905-702-8844,0,0
Metro,253,,1930 Montreal Road,Gloucester,ON,K1J 6N2,613-744-2961,1,0
Metro,264,,2636 Innes Road,Gloucester,ON,K1B 4Z8,613-837-1845,0,0
Metro,55,,500 Edinburg Road South,Guelph,ON,N1G 4Z1,519-763-3827,1,0
Metro,208,,967 Fennell Avenue East,Hamilton,ON,L8T 1R1,905-318-7777,1,0
Metro,228,,751 Upper James St.,Hamilton,ON,L9C 3A1,905-575-5545,1,0
Metro,229,,1900 King Street East,Hamilton,ON,L8K 1W1,905-545-5929,1,0
Metro,235,,1161 Barton Street East,Hamilton,ON,L8H 2V4,905-544-1129,1,0
Metro,230,,119 Osler Drive,Hamilton,ON,L9H 6X4,905-628-0172,1,0
Metro,193,,70 King William St.,Huntsville,ON,P1H 2A5,705-789-9619,0,0
Metro,249,,4048 Carling Ave.,Kanata,ON,K2K 1Y1,613-599-0470,0,1
Metro,152,,310 Barrie Street,Kingston,ON,K7L 5L4,613-542-5795,0,1
Metro,170,,466 Gardiners Road,Kingston,ON,K7M 3X9,613-384-6334,0,0
Metro,266,,775 Bayridge Drive,Kingston,ON,K7P 2P1,613-384-8800,0,0
Metro,118,,1030 Adelaide Street North,London,ON,N5Y 2M9,519-672-8994,1,0
Metro,119,,1244 Commissioners Road W.,London,ON,N6K 1C7,519-473-3389,1,0
Metro,150,,395 Wellington Rd.,London,ON,N6C 4P9,519-680-2317,1,0
Metro,199,,155 Clarke Sideroad,London,ON,N5W 5C9,519-455-5604,0,0
Metro,247,,301 Oxford Street W.,London,ON,N6H 1S6,519-433-1708,1,0
Metro,332,,1050 Kennedy Circle,Milton,ON,L9T 0J9,905-878-3363,1,0
Metro,46,,910 Southdown Road,Mississauga,ON,L5J 2Y4,905-823-4800,1,0
Metro,73,,406 Lakeshore Road E,Mississauga,ON,L5G 1H5,905-278-4447,0,0
Metro,461,,1585 Mississauga Valley Blvd.,Mississauga,ON,L5A 3W9,905-566-9100,1,0
Metro,717,,2225 Erin Mills Pkwy,Mississauga,ON,L5K 1T9,905-829-3737,1,0
Metro,728,,6677 Meadowvale Town Centre,Mississauga,ON,L5N 2R5,905-826-2717,1,0
Metro,854,,3221 Derry Road West,Mississauga,ON,L5N 7L7,905-785-1844,1,0
Metro,161,,35 Alkenbrack St. Napanee,Napanee,ON,K7R 4C4,613-354-1663,0,0
Metro,251,,250 Greenbank Road,Nepean,ON,K2H 8P3,613-828-9321,1,0
Metro,256,,3201 Strandherd Dr.,Nepean,ON,K2J 5N1,613-823-8825,1,0
Metro,267,,1811 Robertson Road Unit 2,Nepean,ON,K2H 8X3,613-721-7028,0,0
Metro,771,,16640 Yonge Street,Newmarket,ON,L3Y 4V8,905-853-5100,1,0
Metro,798,,1111 Davis Drive,Newmarket,ON,L3Y 8X2,905-853-5355,0,0
Metro,399,,390 Lakeshore Drive,North Bay,ON,P1A 2C7,705-840-2424,1,0
Metro,712,,20 Church Ave,North York,ON,M2N 0B7,416-224-2600,1,0
Metro,401,,600 Sheppard Avenue West,North York,ON,M3H 2S1,416-636-5136,0,0
Metro,780,,291 York Mills,North York,ON,M2L 1L3,416-444-5809,1,0
Metro,214,,280 North Service Road W,Oakville,ON,L6M 2S2,905-337-9759,0,0
Metro,334,,1521 Rebecca St.,Oakville,ON,L6L 1Z8,905-827-5421,1,0
Metro,490,,1011 Upper Middle Road East,Oakville,ON,L6H 4L4,905-849-4911,1,0
Metro,331,,150 First Street,Orangeville,ON,L9W 3T7,519-941-6391,0,0
Metro,479,,70 Front Street North,Orillia,ON,L3V 4R8,705-325-6789,0,1
Metro,260,,6509 Jeanne D'Arc Blvd.,Orleans,ON,K1C 2R1,613-837-1170,0,1
Metro,275,,1675 Tenth Line Road,Orleans,ON,K1E 3P6,613-837-2614,0,0
Metro,109,,285 Taunton Rd. E.,Oshawa,ON,L1G 3V2,905-432-2197,1,0
Metro,382,,149 Midtown Drive,Oshawa,ON,L1J 3Z7,905-723-7731,0,0
Metro,456,,555 Rossland Road E.,Oshawa,ON,L1K 1L8,905-579-5862,1,0
Metro,245,,3310 McCarthy Rd.,Ottawa,ON,K1V 9S1,613-523-2774,0,0
Metro,250,,245 Rideau St.,Ottawa,ON,K1N 5Y2,613-241-9331,0,1
Metro,252,,2515 Bank St.,Ottawa,ON,K1V 8R9,613-731-7410,0,1
Metro,254,,1360 Richmond Rd.,Ottawa,ON,K2B 8L4,613-828-4207,1,0
Metro,255,,345 Carleton Ave.,Ottawa,ON,K1Y 0K3,613-725-3065,0,1
Metro,261,,50 Beechwood Ave.,Ottawa,ON,K1L 8B3,613-744-6676,1,0
Metro,262,,1021 St. Laurent Blvd.,Ottawa,ON,K1K 3B1,613-745-9865,0,1
Metro,263,,2261 Walkley Rd.,Ottawa,ON,K1G 3G8,613-526-5994,1,0
Metro,265,,4510 Innes Road,Ottawa,ON,K4A 4C5,613-824-8850,0,1
Metro,272,,1705 Merivale Rd.,Ottawa,ON,K2G 3K2,613-274-7274,1,0
Metro FR,498,,754 Bank Street,Ottawa,ON,K1S 3V6,613-232-9466,0,0
Metro,179,,1070 2nd Avenue E.,Owen Sound,ON,N4K 2H7,519-371-0222,0,0
Metro FR,589,,50 Wilson Street West,Perth,ON,K7H 2N4,613-267-4921,0,0
Metro,204,,1154 Chemong Road,Peterborough,ON,K9H 7E2,705-745-3381,0,0
Metro,853,,1822 White's Road,Pickering,ON,L1V 1N0,905-420-8838,1,0
Metro,153,,73 Picton Main Street W,Picton,ON,K0K 2T0,613-476-6561,0,0
Metro,143,,125 Hope Street South,Port Hope,ON,L1A 4C2,905-885-8194,1,0
Metro FR,898,,83 Raglan Street South,Renfrew,ON,K7V 1P8,613-432-3013,0,0
Metro,240,,1375 London Road,Sarnia,ON,N7S 1P6,519-542-1433,0,0
Metro,364,,560 Exmouth Street,Sarnia,ON,N7T 5P5,519-337-8308,1,0
Metro,181,,275 Second Line W,Sault Ste Marie,ON,P6C 2J4,705-949-0350,0,0
Metro,202,,248 Northern Ave. E.,Sault Ste Marie,ON,P6B 4H6,705-945-6150,0,0
Metro,395,,150 Churchill Blvd.,Sault Ste Marie,ON,P6A 3Z9,705-254-3923,1,0
Metro,35,,16 William Kitchen Road,Scarborough,ON,M1P 2B7,416-321-6300,1,0
Metro,38,,261 Port Union Road,Scarborough,ON,M1C 2L3,416-284-7792,1,0
Metro,475,,15 Ellesmere Road,Scarborough,ON,M1R 4B7,416-391-0626,1,0
Metro,800,,40 Eglinton Square,Scarborough,ON,M1L 2K1,416-759-1952,1,0
Metro,804,,2900 Warden Avenue,Scarborough,ON,M1W 2S8,416-497-6734,0,1
Metro,808,,3221 Eglinton E.,Scarborough,ON,M1J 2H7,416-261-4204,1,0
Metro,270,,4858 Hwy. 101 E,South Porcupine,ON,P0N 1H0,705-235-3535,0,1
Metro,197,,101 Lakeshore Road,St. Catharines,ON,L2N 2T6,905-934-0131,0,0
Metro,137,,417 Wellington Street,St. Thomas,ON,N5R 5J5,519-633-8780,0,1
Metro,26,,5612 Main Street,Stouffville,ON,L4A 8B7,905-642-4300,0,1
Metro,259,,203 Front St.,Sturgeon Falls,ON,P2B 2J4,705-753-4033,0,0
Metro,258,,900 Lasalle Blvd.,Sudbury,ON,P3A 5W8,705-560-9500,0,0
Metro,421,,640 River Street,Thunder Bay,ON,P7A 3S4,807-345-8342,0,0
Metro,422,,505 Arthur Street West,Thunder Bay,ON,P7E 5R5,807-475-0276,0,0
Metro,424,,1101 Arthur Street West,Thunder Bay,ON,P7E 5S2,807-577-3910,0,0
Metro,124,,225 Broadway Avenue,Tillsonburg,ON,N4G 3R2,519-842-3625,0,1
Metro,201,,140 Algonquin Blvd. W.,Timmins,ON,P4N 1A9,705-268-5481,0,0
Metro,37,,3003 Danforth Avenue,Toronto,ON,M4C 1M9,416-686-8585,1,0
Metro,750,,1411 Lawrence W.,Toronto,ON,M6L 1A4,416-248-5846,1,0
Metro,786,,1050 Don Mills Rd.,Toronto,ON,M3C 1W6,416-444-7671,0,0
Metro,52,,3090 Bathurst Street,Toronto,ON,M6A 2A2,416-783-1227,1,0
Metro,62,,80 Front Street East,Toronto,ON,M5E 1T4,416-703-9393,0,0
Metro,63,,444 Yonge Street,Toronto,ON,M5B 2H4,416-597-2800,1,0
Metro,79,,3142 Yonge Street,Toronto,ON,M4N 2K6,416-484-0750,0,0
Metro,442,,735 College Street,Toronto,ON,M6G 1C5,416-533-2515,1,0
Metro,493,,1090 Wilson Avenue,Toronto,ON,M3K 1G6,416-635-0284,1,0
Metro,719,,2155 St.Clair Avenue West,Toronto,ON,M6N 1K5,416-769-8700,1,0
Metro,720,,100 Lynn Williams Street,Toronto,ON,M6K 3N6,416-530-4100,0,0
Metro,742,,425 Bloor St. W.,Toronto,ON,M5S 1X6,416-923-9099,1,0
Metro,752,,2300 Yonge Street,Toronto,ON,M4P 1E4,416-483-7340,1,0
Metro,758,,656 Eglinton Avenue,Toronto,ON,M4P 1P1,416-482-7422,1,0
Metro,759,,89 Gould Street,Toronto,ON,M5B 2R1,416-862-7171,1,0
Metro,132,,53 Quinte Street,Trenton,ON,K8V 3S8,613-392-3511,1,0
Metro FR,497,,3140-28 Hwy 69 N.,Val Caron,ON,P3N 1G3,705-897-4958,0,0
Metro,106,,70 Thickson Road South,Whitby,ON,L1N 7T2,905-666-9692,1,0
Metro,125,,4111 Thickson Road North,Whitby,ON,L1R 2X3,905-655-1660,1,0
Metro,205,,619 Victoria Road West,Whitby,ON,L1N 0E4,905-666-1610,0,0
Metro,139,,11729 Tecumseh Road East,Windsor,ON,N8N 1L8,519-979-9366,1,0
Metro,141,,3663 Tecumseh Road East,Windsor,ON,N8W 1H8,519-948-2966,0,1
Metro,147,,6740 Wyandotte Street East,Windsor,ON,N8S 1P6,519-948-5676,1,0
Metro,341,,2750 Tecumseh Rd. W.,Windsor,ON,N9B 3P9,519-256-1891,0,0
Food Basics,601,,2090 Lauzon Road,Windsor,ON,N8T 2Z3,519-944-7335,1,0
Food Basics,606,,5085 Sheppard Avenue East,Scarborough,ON,M1S 4A8,416-293-0705,1,0
Food Basics,607,,Hwy #69 N,Hanmer,ON,P3P 1P7,705-969-4844,1,0
Food Basics,609,,1901 Cassels Street,North Bay,ON,P1B 4E1,705-472-8031,0,1
Food Basics,610,,1800 Lasalle Blvd,Sudbury,ON,P3A 2A2,705-566-8464,1,0
Food Basics,611,,925 Ontario Street,Stratford,ON,N5A 6W5,519-273-0963,1,0
Food Basics,612,,1200 Commissioners Road East,London,ON,N5Z 4R3,519-649-0099,1,0
Food Basics,616,,63 Main Street West,Grimsby,ON,L3M 4H1,905-945-3323,1,0
Food Basics,620,,5353 Lakeshore Road,Burlington,ON,L7L 1C8,905-634-1804,0,1
Food Basics,621,,2500 Barton Street East,Hamilton,ON,L8E 4A2,905-560-1828,1,0
Food Basics,623,,51 Front Street East,Strathroy,ON,N7G 1Y5,519-245-3261,1,0
Food Basics,627,,2550 Hurontario Street,Mississauga,ON,L5B 1N5,905-273-5344,1,0
Food Basics,628,,2131 Lawrence Avenue East,Scarborough,ON,M1R 3A4,416-759-7625,1,0
Food Basics,629,,1277 York Mills Road,Toronto,ON,M3A 1Z5,416-444-7921,1,0
Food Basics,630,,377 Burnhamthorpe Rd. E.,Mississauga,ON,L5A 3Y1,905-270-2143,1,0
Food Basics,631,,853 Jane Street,Toronto,ON,M6N 4C4,416-762-7975,1,0
Food Basics,632,,397 Bayview Avenue,Goderich,ON,N7A 4E9,519.524.7818,0,1
Food Basics,633,,95 Water St. N,Cambridge,ON,N1R 3B5,519-623-3652,1,0
Food Basics,634,,667 Kirkwood Avenue,Ottawa,ON,K1Z 8N7,613-722-7412,1,0
Food Basics,638,,1875 Regent St. S,Sudbury,ON,P3E 3Z9,705-522-4910,1,0
Food Basics,640,,1225 Princess St.,Kingston,ON,K7M 3E1,613-544-8202,0,0
Food Basics,641,,9030 County Road 17,Rockland,ON,K4K 1V5,613-446-2825,0,1
Food Basics,642,,105 Brunette Road,Timmins,ON,P4N 2R1,705-268-9922,1,0
Food Basics,643,,Hwy 11-B,New Liskeard,ON,P0J 1P0,705-647-7649,1,0
Food Basics,650,,Hwy. #93 & Hugel Avenue,Midland,ON,L4R 4L3,705-526-7671,1,0
Food Basics,653,,255 Morningside Avenue,Scarborough,ON,M1E 3E6,416-284-2158,1,0
Food Basics,654,,600 Laurelwood Drive,Waterloo,ON,N2V 0A2,519-888-6036,1,0
Food Basics,655,,7070  Saint Barbara Blvd.,Mississauga,ON,L5W 0E6,905-795-8136,1,0
Food Basics,656,,3365 Fairview Street,Burlington,ON,L7N 3N9,905-634-1896,0,0
Food Basics,657,,1505  Guelph Line,Burlington,ON,L7P 3B6,905-336-2525,0,1
Food Basics,658,,325 Thorold Road,Welland,ON,L3C 3W4,905-735-4320,1,0
Food Basics,659,,701 Pine Street,Sault Ste. Marie,ON,P6B 3G2,705-949-8929,1,0
Food Basics,660,,"8910 Hwy 50, Bldg F",Brampton,ON,L6P 3A3,905-913-1560,1,0
Food Basics,661,,1220 Castlemore Ave,Markham,ON,L6E OH7,905-209-9200,1,0
Food Basics,662,,5703 Hazeldean Rd.,Stittsville,ON,K2S 0P6,613-831-3394,1,0
Food Basics,663,,3712 Innes Road Unit 1,Ottawa,ON,K1W 0C8,613-837-0650,1,0
Food Basics,666,,530 Kerr St.,Oakville,ON,L6K 3C9,905-842-1363,1,0
Food Basics,668,,1315 Second Avenue East,Cornwall,ON,K6H 7C4,613-932-0514,0,1
Food Basics,669,,3476 Glen Erin Drive,Mississauga,ON,L5L 3R4,905-569-2162,1,0
Food Basics,670,,509 Commissioners Road West,London,ON,N6J 1Y5,519-473-2857,1,0
Food Basics,671,,1300 Bath Road,Kingston,ON,K7M 4X4,613-544-9317,1,0
Food Basics,672,,45 Overlea Blvd.,Toronto,ON,M4H 1C3,416-421-1732,1,0
Food Basics,673,,300 John Street,Thornhill,ON,L3T 5W4,905-886-0983,1,0
Food Basics,674,,6770 McLeod Road South,Niagara Falls,ON,L2G 3G6,905-356-1103,1,0
Food Basics,675,,1401 Ernest Ave.,London,ON,N6E 2P6,519-681-2353,1,0
Food Basics,676,,84 Lynden Road,Brantford,ON,N3R 6B8,519-759-5850,0,1
Food Basics,677,,868 Dundas Street,Woodstock,ON,N4S 1G7,519-537-7021,1,0
Food Basics,678,,380  Eramosa Road,Guelph,ON,N1E 6R2,519-824-8700,1,0
Food Basics,679,,2900 Steeles Ave. E,Markham,ON,L3T 4X1,905-881-4900,1,0
Food Basics,680,,1 Bartley Bull Pkwy.,Brampton,ON,L6W 3T7,905-456-1212,1,0
Food Basics,681,,1299 Oxford St. E.,London,ON,N5Y 4W5,519-453-8510,1,0
Food Basics,682,,265 King George Rd.,Brantford,ON,N3R 6Y1,519-759-0571,1,0
Food Basics,684,,Hwy 7A - 1894 Scugog St.,Port Perry,ON,L9L 1H7,905-985-0701,0,1
Food Basics,685,,235 Guelph St.,Georgetown,ON,L7G 4A8,905-877-5648,1,0
Food Basics,686,,5915 Yonge St.,North York,ON,M2M 3T9,416-221-2961,1,0
Food Basics,687,,640 Mohawk Rd.W.,Hamilton,ON,L9C 1X6,905-388-5596,0,1
Food Basics,689,,900 Albion Road,Etobicoke,ON,M9V 1A5,416-743-4485,1,0
Food Basics,690,,851 Fischer-Hallman Rd.,Kitchener,ON,M2M 5N8,519-570-2500,1,0
Food Basics,691,,222 Silvercreek Parkway North,Guelph,ON,N1H 8E8,519-824-8338,1,0
Food Basics,692,,"2452 Sheppard Ave., East",North York,ON,M2J 1X1,416-756-2513,1,0
Food Basics,693,,448 St. Clair Street,Chatham,ON,N7L 3K5,519-380-0660,0,1
Food Basics,694,,100 Jamieson Parkway,Cambridge,ON,N3C 4B3,519-658-1150,1,0
Food Basics,695,,724 Mohawk Road East,Hamilton,ON,L8T 2P8,905-575-1113,1,0
Food Basics,696,,223 7th Avenue,Hanover,ON,N4N 2H6,519-364-1706,1,0
Food Basics,697,,400 Notre Dame Street,Sudbury,ON,P3C 5K5,705-675-5845,0,1
Food Basics,841,,478 Dundas Street West,Oakville,ON,L6H 6Y3,905-257-2500,1,0
Food Basics,842,,17725 Young Street,Newmarket,ON,L3Y 5H6,905-895-9700,1,0
Food Basics,843,,1070-A Major MacKenzie Drive East,Richmond Hill,ON,L4S 1P3,905-770-1400,1,0
Food Basics,844,,288 Erie St. South,Leamington,ON,N8H 3C5,519-322-1414,0,1
Food Basics,845,,845 King St. West,Hamilton,ON,L8S 1K4,,1,0
Food Basics,856,,13231 Yonge Street,Richmond Hill,ON,L4E 3L2,905 -773 -9023,1,0
Food Basics,857,,1225 Wonderland Rd.,London,ON,N6G 2B9,519-472-5601,1,0
Food Basics,858,,3770 Montrose Road,Niagara Falls,ON,L2H 3K3,905 371 -3200,1,0
Food Basics,860,,880 Goyeau Street,Windsor,ON,N9A 1H7,519-258-3064,1,0
Food Basics,861,,124 Clarence Street,Port Colborne,ON,L3K 3G3,905-834-8800,0,1
Food Basics,862,,3 Clair Road West,Guelph,ON,N1L 0A6,519-766-0859,1,0
Food Basics,863,,2900 Ellesmere Ave,Scarborough,ON,M1E 4B8,416-284-5320,1,0
Food Basics,867,,2200 Jane Street,North York,ON,M3M 1A4,416-241-5732,0,1
Food Basics,868,,191 Indian Road South,Sarnia,ON,N7T 3W3,519-344-1500,1,0
Food Basics,869,,150 Katimavik Rd.,Kanata,ON,K2L 2N2,613-592-2942,1,0
Food Basics,870,,1670 Heron Road,Ottawa,ON,K1V 0C2,613-731-0066,1,0
Food Basics,871,,2425 Truscott Drive,Mississauga,ON,L5J 2B4,905-822-7478,1,0
Food Basics,872,,199 Simcoe Street,Keswick,ON,L4P 2H6,905-476-7298,0,1
Food Basics,874,,1571 Sandhurst Circle,Scarborough,ON,M1V 1V2,416-412-3100,1,0
Food Basics,875,,1000 Gerrard St. E.,Toronto,ON,M4M 1Z4,416-465-3319,1,0
Food Basics,876,,10 Royal Orchard Blvd.,Thornhill,ON,L3T 3C3,905-764-8555,1,0
Food Basics,877,,655 Fairway Road South,Kitchener,ON,N2C 1X4,519-896-5100,1,0
Food Basics,878,,1735 Kipling Avenue,Etobicoke,ON,M9R 2Y8,416-247-9358,1,0
Food Basics,880,,1070 Pape Ave.,Toronto,ON,M4K 3W5,416-467-8519,1,0
Food Basics,882,,500 Laurier Avenue,Milton,ON,L9T 4R3,905-876-1117,1,0
Food Basics,883,,975 Wallace Road,Listowel,ON,N4W 1M6,519-291-5500,1,0
Food Basics,886,,975 West Ridge Boulevard,Orillia,ON,L3V 8A3,705-326-5200,0,1
Food Basics,887,,"2615 Highway 43, R.R. #5",Kemptville,ON,K0G 1J0,613-258-1266,1,0
Food Basics,888,,150 West Street,Simcoe,ON,N3Y 5C1,519-426-2010,1,0
Food Basics,890,,275   Brockville Street,Smith Falls,ON,K7A 4Z6,613-283-5858,0,0
Food Basics,891,,1100 Pembroke Street East,Pembroke,ON,K8A 6Y7,613-735-1846,1,0
Food Basics,892,,363  Kent Street West,Lindsay,ON,K9V 2Z7,705-878-3300,0,1
Food Basics,893,,107 Bridge Street,Dunville,ON,N1A 2G9,905-774-6852,1,0
Food Basics,894,,960 Brookdale Ave,Cornwall,ON,K6J 4P5,613-933-4341,1,0
Food Basics,895,,10886 Hurontario Street,Brampton,ON,L7A 3R9,905-840-6669,1,0
Food Basics,896,,"1021 Cyrville Road, Unit 1",Ottawa,ON,K1J 7S3,613-842-4445,1,0
Food Basics,897,,555 Essa Road,Barrie,ON,L4N 9E6,705-728-2899,1,0
Food Basics,900,,900 Greenbank Road,Ottawa,ON,K2J 1S8,613-823-4458,1,0
Food Basics,902,,470 Dundas Street East,Belleville,ON,K8N 1E9,613-962-3069,0,0
Food Basics,904,,227  Vodden Street,Brampton,ON,L6V 1N2,905-451-7842,1,0
Food Basics,906,,505 Rymal Road East,Hamilton,ON,L8W 3Z1,905-574-5298,1,0
Food Basics,907,,1465 Merivale Rd,Ottawa,ON,K2E 5N9,613-224-1544,1,0
Food Basics,908,,4141 Dixie Road,Mississauga,ON,L4W 1V5,905-238-1366,1,0
Food Basics,910,,232 Arthur St. South,Elmira,ON,N3B 2P2,519-669-8600,1,0
Food Basics,912,,286 Chatham St. North,Blenheim,ON,N0P 1A0,519-676-0353,0,1
Food Basics,921,,3049 Jefferson Street,Brockville,ON,K6V 6N3,613-345-0272,1,0
Food Basics,927,,280 Harwood Ave. S.,Ajax,ON,L1S 2J1,905-683-6951,1,0
Food Basics,928,,5559 Dundas Street West,Etobicoke,ON,M9B 1B9,416-231-5475,1,0
Food Basics,929,,475 Westney Road,Ajax,ON,L1T 3H4,905-686-5632,1,0
Food Basics,930,,238 Wellesley Street East,Toronto,ON,M4X 1G2,416-925-5052,0,1
Food Basics,932,,275 Geneva Street,St. Catherines,ON,L2N 3E9,905-937-6523,1,0
Food Basics,937,,135 Barton Street East,Hamilton,ON,L8L 8A8,905-523-0641,1,0
Food Basics,939,,1350 16th Street East,Owen Sound,ON,N4K 6N7,519-376-9261,1,0
Food Basics,947,,625 Trunk Road,Sault Ste. Marie,ON,P6A 3T1,705-949-7260,0,1
Food Basics,949,,33 Barrack Street,Kingston,ON,K7K 1E7,613-546-7893,0,0
Food Basics,959,,371 Highland Rd. W,Kitchener,ON,N2M 5J9,519-744-4100,1,0
Food Basics,960,,1405 Ottawa St. N,Kitchener,ON,N2A 1H3,519-894-6020,1,0
Food Basics,976,,71 Wilson St. W,Ancaster,ON,L9G 1N1,905-648-9333,1,0
Food Basics,989,,149 Hartzell Rd.,St. Catherines,ON,L2P1N6,905-684-7439,1,0
Fortino's,48,,65 Mall Road,Hamilton,ON,L8V 5B5,(905) 574-0810,1,0
Fortino's,50,,5111 New Street,Burlington,ON,L7L 1V2,(905)  631-7227,1,0
Fortino's,52,,700 Lawrence Ave. West,North York,ON,M6A 3B4,(416) 785-9843,1,0
Fortino's,55,,8585 Highway 27,Vaughan,ON,L4L 1A7,(905) 851-7632,1,0
Fortino's,63,,330 Queens Plate Drive,Etobicoke,ON,M9W 7J7,(416) 745-4675,1,0
Fortino's,65,,1550 Upper James Street,Hamilton,ON,L9B 1K3,(905) 383-9700,1,0
Fortino's,66,,"3940 Highway #7, R.R. #2",Vaughan,ON,L4L 1A6,(905)  851-5642,1,0
Fortino's,67,,1579 Main Street Wes,Hamilton,ON,L8S 1E6,(905) 308-9045,1,0
Fortino's,72,,50 Dundurn St. S Unit B,Hamilton,ON,L8P 4W3,(905)  529-4290,1,0
Fortino's,78,,1059 Plains Road East,Burlington,ON,L7T 4K1,(905) 634-1591,1,0
Fortino's,80,,2911 Major MacKenzie Drive,Vaughan,ON,L6A 3N9,(905) 417-0484,1,0
Fortino's,81,,115 Hamilton Street North,Waterdown,ON,L0R 2H6,(905) 690-6446,1,0
Fortino's,85,,2515 Appleby Line,Burlington,ON,L7R 3X4,(905)  319-1690,1,0
Fortino's,86,,54 Wilson Street West,Ancaster,ON,L9G 1N2,(905) 304-5740,1,0
Fortino's,87,,2025 Guelph Line,Burlington,ON,L7P 4M8,(905) 336-6566,1,0
Fortino's,88,,35 Worthington Avenue,Brampton,ON,L7A 2Y7,(905) 495-8108,1,0
Fortino's,89,,55 Mountainash Road,Brampton,ON,L6R 1W4,(905)  793-8200,1,0
Fortino's,91,,21 Upper Centennial Parkway South,Stoney Creek,ON,L8J 3W2,(905) 664-4355,1,0
Fortino's,92,,75 Centennial Pkwy. North,Hamilton,ON,L8E 2P2,(905)  561-5291,1,0
Fortino's,97,,102 Highway #8,Stoney Creek,ON,L8G 4H3,(905)  664-2886,1,0
Fortino's,98,,60 Quarry Edge Drive,Brampton,ON,L6V 4K2,(905)  453-3600,1,0
Fortino's,99,,173 Lakeshore Road West,Oakville,ON,L6K 1E7,(905) 845-3654,1,0
No Frills,103,Paul's No Frills,1525 Bristol Road West,Mississauga,ON,L5M 4Z1,905-821-0888,0,0
No Frills,104,Pancha's No Frills,1951 Eglinton Ave West,Toronto,ON,M6E 2J7,416-256-1686,1,0
No Frills,105,Laura's No Frills,3445 Fieldgate Dr.,Mississauga,ON,L4X 2J4,905-602-4880,0,0
No Frills,261,Ron's No Frills,6460 Lundy's Lane,Niagara Falls,ON,L2G 1T6,905-357-4623,0,0
No Frills,262,Agostino & Nancy No Frills,151 Bloor Street East,Oshawa,ON,L1H 3M3,905-571-6488,0,0
No Frills,263,Dennis' No Frills,59 Mill St. E.,Tilbury,ON,N0P 2L0,519-682-9955,0,0
No Frills,264,Peter's No Frills,801 Mohawk Road West,Hamilton,ON,L8W 6C2,905-574-0666,0,0
No Frills,266,Masse's No Frills,925 Southdale Road,London,ON,N6P 0B3,519-652-0548,1,0
No Frills,268,Mike & Lori's No Frills,975 Mckeown Avenue,North Bay,ON,P1B 9P2,705-495-4884,0,0
No Frills,269,Timmins No Frills - Corporate,1500 Riverside Drive,Timmins,ON,P4R 1A1,705-264-3360,0,0
No Frills,270,Sheriff's No Frills,1530 Albion Road,Etobicoke,ON,M9V 1B4,416-744-3385,1,0
No Frills,272,Derek's No Frills,1631 Rutherford Rd.,Vaughan,ON,L4K 0C1,289-304-9065,0,0
No Frills,273,Chris' No Frills,460 Renforth Drive,Etobicoke,ON,M9C 2N2,416-622-1840,0,0
No Frills,275,Jeff's No Frills,53 Arthur Ave.,Essex,ON,N8M 2N1,519-776-4944,0,0
No Frills,277,Dean's No Frills,4961 King Street E.,Beamsville,ON,L0R 1B0,905-563-4246,0,0
No Frills,279,Justin's No Frills,920 Dundas Street West,Whitby,ON,L1P 1P7,905-430-1499,1,0
No Frills,288,Bob's No Frills,571 Brant Street,Burlington,ON,L7R 2G6,905-634-7151,1,0
No Frills,289,Dino's No Frills,1811 Avenue Road,Toronto,ON,M5M 3Z3,416-781-3917,0,1
No Frills,291,David's No Frills,500 Division Street,Cobourg,ON,K9A 3S3,905-372-5164,0,0
No Frills,293,Grant's No Frills,1162 Division Street,Kingston,ON,K7K 0C3,613-542-1739,0,0
No Frills,700,Dennis' No Frills,6435 Erin Mills Parkway,Mississauga,ON,L5N 4H4,905-817-1644,1,0
No Frills,701,Leo's No Frills,"9305 Highway #48, RR#1",Markham,ON,L6E 0E6,905-294-7486,1,0
No Frills,703,Jeff & Tanis' No Frills,300 Lakeshore Drive,North Bay,ON,P1A 2V2,705-494-9038,0,0
No Frills,704,Jason's No Frills,1029 Brodie Drive,Orillia,ON,L3V 6H4,705-329-1140,0,0
No Frills,705,Carlo's No Frills,1591 Wilson Avenue,Toronto,ON,M3L 1A5,416-241-7612,1,0
No Frills,706,Mike's No Frills,889 Exmouth Street,Sarnia,ON,N7T 5R3,519-332-1321,0,0
No Frills,710,Harry's No Frills,60 Joseph Street,Parry Sound,ON,P2A 2G5,705-774-9342,0,0
No Frills,712,Gord & Kim's No Frills,1030 Coverdale Dr,Kingston,ON,K7M 8X7,613-389-0090,0,0
No Frills,713,John's No Frills,305 Barrie Street,Bradford,ON,L3Z 2B2,905-775-9631,0,0
No Frills,714,DaCosta's No Frills,5762 Highway 7 E.,Markham,ON,L3P 1A8,905-201-0336,1,0
No Frills,715,Paul and Adele No Frills,232 Arthur Street South,Elmira,ON,N3B 2P2,519-669-8600,0,0
No Frills,718,Rocky's No Frills,70 Clementine Drive,Brampton,ON,L6Y 0L8,905-457-9835,1,0
No Frills,722,Robert's No Frills,319 Blake Street,Barrie,ON,L4M 1K7,705-725-8607,0,0
No Frills,723,Tony's No Frills,770 Upper James Avenue,Hamilton,ON,L9C 3A2,905-574-2069,0,1
No Frills,730,Joe's No Frills,900 Dufferin Street,Toronto,ON,M6H 4A9,416-535-8024,1,0
No Frills,734,Steve & Adele's No Frills,17255 Leslie Street,Newmarket,ON,L3Y 8E4,905-853-3570,1,0
No Frills,737,Mike and Lori No Frills,70 Island Road,Scarborough,ON,M1C 2P5,416-286-0216,1,0
No Frills,738,Brent & Jenny's No Frills,53 Westside Road,Port Colborne,ON,L3K 5Y7,905-834-5577,0,0
No Frills,740,Scott's No Frills,700 Balmoral Drive,Brampton,ON,L6T 1X2,905-790-8555,1,0
No Frills,743,Mark's No Frills,581 Lake Street,St. Catharines,ON,L2N 4J1,905-937-4290,0,0
No Frills,744,Chris & Stacey No Frills,1250 South Service Road,Mississauga,ON,L5E 1V4,905-891-1021,1,0
No Frills,745,Franco's No Frills,435 Main Street,Hamilton,ON,L8N 1K1,905-528-5493,0,0
No Frills,746,Nick & Mira No Frills,13071 Yonge Street Unit 1 & 2,Oak Ridges,ON,L4E 1A5,905-773-5221,0,0
No Frills,752,Dickie's No Frills,1880 Eglinton Ave East,Scarborough,ON,M1L 2L1,416-750-4400,1,0
No Frills,753,Jim's No Frills,1020 Islington Ave,Toronto,ON,M8Z 6A4,416-234-2068,0,0
No Frills,754,Chris & Beth's No Frills,1050 Simcoe Street North,Oshawa,ON,L1G 4W5,905-728-3100,1,0
No Frills,758,Marc's No Frills,925 Rathburn Road,Mississauga,ON,L4W 4C3,905-276-6560,1,0
No Frills,760,Mike & Lori 's No Frills,"155 Elizabeth Street RR 3, P.O. Box 220",Brighton,ON,K0K 1H0,613-475-4019,0,0
No Frills,763,Mike's No Frills,87 Thompson Dr.,Port Dover,ON,N0A 1N4,519-583-2600,0,0
No Frills,770,Enzo's No Frills,9325 Yonge St.,Richmond Hill,ON,L4C 1V4,905-883-5465,1,0
No Frills,775,Tom's No Frills,1150 Victoria Park Avenue,Scarborough,ON,M4B 2K4,416-755-5661,0,0
No Frills,776,VanSpall's No Frills,1395 Abbeywood Drive,Oakville,ON,L6M 3B2,905-465-2148,1,0
No Frills,777,Rob's No Frills,2400 Guelph Line,Burlington,ON,L7P 4M7,905-331-7441,0,0
No Frills,779,Simon & Sherrol's No Frills,175 Bunker Ave RR #1,Corunna,ON,N0N 1G0,519-862-4505,0,0
No Frills,782,Ross' No Frills,25 Photography Drive,Toronto,ON,M6M 0A1,416-766-1487,1,0
No Frills,784,Mark's No Frills,599 Fanshaw Park Road West,London,ON,N6G 5B3,519-472-8756,1,0
No Frills,785,Ken's No Frills,1866 Lansdowne St West,Peterborough,ON,K9K 1R5,705-742-1934,0,0
No Frills,788,Listro's No Frills,7075 Markham Road,Markham,ON,L3S 3J9,905-471-0089,1,0
No Frills,793,Domenic's No Frills,35 Harvard Road,Guelph,ON,N1G 3A2,519-821-2825,0,0
No Frills,796,Joe's No Frills,519 Korah Road,Sault Ste. Marie,ON,P6C 4J4,705-946-2098,0,0
No Frills,798,Dieter & Darcy's No Frills,230 George Street,Peterborough,ON,K9J 3G8,705-742-5167,0,0
No Frills,1302,Gary's No Frills,7 Baseline Road East,London,ON,N6C 5Z8,519-679-1649,0,0
No Frills,1306,"Jeff, Rose & Herb's No Frills",3730 Lakeshore Blvd West,Etobicoke,ON,M8W 1N6,416-255-5998,1,0
No Frills,1312,Daniel's No Frills,726 Principale Street,Casselman,ON,K0A 1M0,613-764-1467,0,0
No Frills,1313,Meloche's No Frills,181 Sandwich Street South,Amherstburg,ON,N9V 1Z9,519-736-7378,0,0
No Frills,1314,Kevin's No Frills,"125 Cross Avenue, Unit 1",Oakville,ON,L6J 2W8,905-844-7493,0,0
No Frills,1315,Michael's No Frills,681 Silver Star Blvd,Scarborough,ON,M1V 5N1,416-292-3210,0,1
No Frills,1316,Ron's No Frills,525 Welland Ave.,St Catharines,ON,L2M 6P3,905-685-4096,0,0
No Frills,1319,Brian's No Frills,1275 Highbury Ave,London,ON,N5Y 1A8,519-455-6600,0,0
No Frills,1320,Dean & Barb No Frills,835 Queen Street,Chatham,ON,N7M 2K5,519-351-9896,0,0
No Frills,1324,Darryll & Tracy's No Frills,700 Strasburg Road,Kitchener,ON,N2E 2M2,519-579-3451,0,0
No Frills,1326,Jesse & Kelly No Frills,1135 Thompson Road,Fort Erie,ON,L2A 6A8,905-994-8254,0,0
No Frills,1328,Rob's No Frills,295 Queen Street East,Brampton,ON,L6W 3R1,905-452-9200,1,0
No Frills,1330,Pat's No Frills,270 Wilson Avenue,North York,ON,M3H 1S6,416-635-9566,1,0
No Frills,1335,Ryan's No Frills,657 John Street North,Aylmer,ON,N5H 3J1,519-765-2811,0,0
No Frills,1336,Joe's No Frills,165 Wellington Street West,Barrie,ON,L4N 1L7,705-737-0389,1,0
No Frills,1338,Paul & Cathy's No Frills,960 Hamilton Road,London,ON,N5W 1A3,519-455-4490,0,0
No Frills,1341,Mackay's No Frills,1540 Haysville Road,New Hamburg,ON,N3A 0A2,519-662-3441,0,0
No Frills,1344,Sam's No Frills,345 Main Street,Brampton,ON,L6X 1N6,905-452-9122,1,0
No Frills,1346,Rod & Joe's No Frills,2471 Kingston Rd,Scarborough,ON,M1N 1G4,416-261-4569,0,1
No Frills,1350,Tom's No Frills,105 Bayly Street West,Ajax,ON,L1S 7K7,905-686-1440,1,0
No Frills,1352,Tim & Sue's No Frills,372 Pacific Avenue,Toronto,ON,M6P 2R1,416-604-9449,1,0
No Frills,1354,Freddie's No Frills,243 Alberta Avenue,Toronto,ON,M6C 3X4,416-653-4864,1,0
No Frills,1356,Daniel's No Frills,620 Eglinton Avenue West,Mississauga,ON,L5R 3V2,905-712-9555,1,0
No Frills,1357,Giorgio's No Frills,1124 Main Street East,Hamilton,ON,L8M 1P2,905-312-1380,1,0
No Frills,1365,Steve & Peggy's No Frills,1725 Kingston Road,Pickering,ON,L1V 1B5,905-427-6228,1,0
No Frills,1367,Jack & Faith's No Frills,39 Winners Circle Dr RR#3,Arnprior,ON,K7S 3G9,613-623-0507,0,0
No Frills,1368,Paul & Nancy's No Frills,12035 Hwy #17,Sturgeon Falls,ON,P2B 2S6,705-753-0699,0,1
No Frills,1370,Mike & Terri's No Frills,98 Ontario Street South,Grand Bend,ON,N0M 1T0,519-238-6211,0,0
No Frills,1371,Mario & Selina's No Frills,220 Royal York Road,Etobicoke,ON,M8V 2V7,416-253-6740,1,0
No Frills,1373,Dave & Charlotte's No Frills,449 Carlaw Avenue,Toronto,ON,M4K 3H9,416-469-2891,1,0
No Frills,1375,Sterling's No Frills,680 O'Brien Road,Renfrew,ON,K7V 3Z4,613-433-8212,0,0
No Frills,1376,Nicholson's No Frills,2187 Bloor Street West,Toronto,ON,M6S 1N2,416-762-3095,1,0
No Frills,1379,John's No Frills,8601 Warden Avenue,Markham,ON,L3R 0B5,905-475-6437,1,0
No Frills,1384,Fab's No Frills,3800 Rutherford Rd Bldg C,Vaughan (Woodbridge),ON,L4H 3G8,905-417-4577,1,0
No Frills,1386,Jim & Lee-Anne's No Frills,90 C-Line,Orangeville,ON,L9W 4X5,519-940-8179,0,0
No Frills,1387,Pepin's No Frills,127 Hastings Street North,Bancroft,ON,K0L 1C0,613-332-8209,0,0
No Frills,1394,Baldree's No Frills,709 King Street East,Gananoque,ON,K7G 1H4,613-382-0167,0,0
No Frills,1398,Chris' No Frills,14800 Yonge Street,Aurora,ON,L4G 1N3,905-841-7289,1,0
No Frills,1399,Nick's No Frills,3850 Sheppard Avenue East,Scarborough,ON,M1T 3L4,416-293-0870,1,0
No Frills,3101,Jerry's No Frills,680 Silver Creek Blvd.,Mississauga,ON,L5A 3Z1,905 949-1523,1,0
No Frills,3106,Christopher's No Frills,1450 Lawrence Avenue East,North York,ON,M4A 2S8,416-752-7554,1,0
No Frills,3107,François' No Frills,51 Tapscott Road,Scarborough,ON,M1B 4T7,416-291-3400,1,0
No Frills,3108,Brent's No Frills,286 Chatham Street North,Blenheim,ON,N0P 1A0,519-676-0353,0,0
No Frills,3109,Rob's No Frills,2430 Eglinton Avenue East,Scarborough,ON,M1K 2P7,416-759-2914,1,0
No Frills,3451,Andrew & Emily's No Frills,13311 Loyalist Parkway,Picton,ON,K0K 2T0,613-476-1977,0,0
No Frills,3453,Adrian's No Frills,1925 Dundas St.,London,ON,N5V 1P7,519-453-8226,1,0
No Frills,3454,Angelou's No Frills,4040 Creditview Rd.,Mississauga,ON,L5C 3Y8,905-803-8511,1,0
No Frills,3456,Steve's No Frills,20895 Dalton Road Box #307,Sutton,ON,L0E 1R0,905-722-6577,0,0
No Frills,3457,John's No Frills,6520 Derry Rd,Milton,ON,L9T 7Z3,905-693-0373,1,0
No Frills,3458,Luciano's No Frills,"200 Front St., East",Toronto,ON,M5A 4T9,416-368-8484,1,0
No Frills,3459,Frank's  No Frills,603 Colborne St. E.,Brantford,ON,N3S 7S8,519-758-9147,0,0
No Frills,3460,Paul's No Frills,160 Main Street South,Hagersville,ON,N0A 1H0,905-768-8942,0,0
No Frills,3461,Bergen's No Frills,1020 10th Street West,Owen Sound,ON,N4K 5S1,519-372-9785,0,0
No Frills,3462,John's No Frills,13255 Hwy 27,Nobleton,ON,L0G 1N0,905-859-9005,0,0
No Frills,3463,Scott's No Frills,391 Norwich Ave.,Woodstock,ON,N4S 3W4,(519) 421-9243,0,0
No Frills,3465,Lyle's No Frills,177 Highway #108 North,Elliot Lake,ON,P5A 2S9,705-848-4882,0,0
No Frills,3467,Justin & Stacey's No Frills,285 Mill Street,Angus,ON,L0M 1B4,705-424-7090,0,0
No Frills,3468,Stephen's No Frills,2742 Eglinton Avenue East,Scarborough,ON,M1J 2C6,416-261-5811,1,0
No Frills,3469,Greg's No Frills,3555 Thickson Road,Whitby,ON,L1R 2H1,905-723-2737,0,1
No Frills,3471,Cosimo's No Frills,449 Parliament St.,Toronto,ON,M5A 3A3,416-921-8161,1,0
No Frills,3472,Fisher's No Frills,15 Canrobert St.,Campbellford,ON,K0L 1L0,705-653-3002,0,0
No Frills,3473,Jamie & Jaclyn's No Frills,450 Centre Street North,Napanee,ON,K7R 1P8,613-354-2519,0,1
No Frills,3474,Rusty's No Frills,108 Colborne  St.W,Brantford,ON,N3T 1K7,519-754-0337,0,0
No Frills,3476,Palmieri's No Frills,80 King Ave. W.,Newcastle,ON,L1B 1H7,905-987-5636,0,0
No Frills,3477,Nick's No Frills,71 Dundas St. E.,Paris,ON,N3L 3H1,519-442-0670,0,0
No Frills,3478,Craig & Jess' No Frills,618 Huron Street,Stratford,ON,N5A 6A6,519-393-8300,0,0
No Frills,3480,Emiliano & Ana's No Frills,245 Dixon Road,Etobicoke,ON,M9P 2M4,416-235-0912,1,0
No Frills,3481,John's No Frills,101 Second Line RR#1,Shelburne,ON,L9V 3J4,519-925-2774,0,0
No Frills,3482,Conroy's No Frills,303 Brock Street,Whitby,ON,L1N 4K3,905-668-5940,0,0
No Frills,3483,Linda's No Frills,99 Lakeshore Road East,Port Credit,ON,L5G 1E2,905-278-8283,0,0
No Frills,3484,Mason’s No Frills,"275 Main Street, PO Box 98",Glencoe,ON,N0L 1M0,519-287-5264,0,0
No Frills,3486,Eric's No Frills,390 Lincoln Street ,Welland,ON,L3B 4N4,905-732-3367,0,0
No Frills,3487,Chris's No Frills,2 Warwick Drive,Wallaceburg,ON,N8A 3N4,519-627-3329,0,0
No Frills,3488,Durante's No Frills,1054 Centre Street,Vaughan,ON,L4J 3M8,905-882-2240,0,0
No Frills,3489,Vi's No Frills,1435 King Street West,Toronto,ON,M6K 1H9,416-533-1956,1,0
No Frills,3490,Mike's No Frills,5731 Hwy. #7,Woodbridge,ON,L4L 4Y9,905-264-3934,1,0
No Frills,3491,No Frills - Corporate Store,499 Mohawk Rd. E.,Hamilton,ON,L8V 2V4,905-574-6819,0,0
No Frills,3492,Summerhill No Frills,87 Williamson Dr. W. ,Ajax,ON,L1T 0K9,905-427-9048,1,0
No Frills,3493,Jones' No Frills,191 Silvercreek Parkway North,Guelph,ON,N1H 3T2,519-821-2660,0,0
No Frills,3494,Leonetti's No Frills,1641 Jane Street,North York,ON,M9N 2R8,416-247-0412,1,0
No Frills,3496,Spataro's No Frills,8990 Chinguacousy Rd,Brampton,ON,L6Y 5X6,(905) 450-8974,1,0
No Frills,3900,Tony & Kathy's No Frills,748 Queensway,Etobicoke,ON,M8Z 1M9,416-253-4819,0,0
No Frills,3901,Marc's No Frills,211 Bell Blvd,Belleville,ON,K8P 4V2,613-968-9444,1,0
No Frills,3907,Tom & Michelle's No Frills,6085 Creditview Rd.,Mississauga,ON,L5V 2A8,905-817-9747,1,0
No Frills,3910,Tim & Heather's No Frills,504 Main Street North,Mount Forest,ON,N0G 2L2,519-323-4903,0,0
No Frills,3912,Richard's No Frills,3555 Don Mills Road,North York,ON,M2H 3N3,416-492-9558,1,0
No Frills,3913,Paolo's No Frills,9920 Airport Road,Brampton,ON,L6S 0C5,905-793-7567,1,0
No Frills,3915,John's No Frills,2211-20th Sideroad,Innisfil,ON,L9S 4J1,705-436-2097,0,0
No Frills,3916,Nadim's No Frills,200 Ritson Rd. N. Oshawa,Oshawa,ON,L1G 0B2,(905) 404-8422,0,0
No Frills,3919,Joseph's No Frills,4473 Kingston Road,Scarborough,ON,M1E 2N7,416-281-9140,1,0
No Frills,3922,Joe & Barb's No Frills,1300 King St. E.,Oshawa,ON,L1H 8J4,905-579-3069,1,0
No Frills,3923,Rundle's No Frills,635 Southdale Rd. E,London,ON,N6E 3W6,519-649-2454,1,0
No Frills,3924,Dave's No Frills,3401 Lawrence Avenue,Scarborough,ON,M1H 1B2,416-438-0318,1,0
No Frills,3925,Carlo's No Frills,6220 Yonge St.,North York,ON,M2M 3X4,416-226-3911,1,0
No Frills,3926,Peter's No Frills,222 Lansdowne Avenue,Toronto,ON,M6K 3C6,416-588-0963,1,0
No Frills,3927,Mike's No Frills,7070 Mclaughlin Road,Mississauga,ON,L5W 1W7,905-565-6490,1,0
No Frills,3928,Malloch's No Frills,2150 Burnamthorpe Road,Mississauga,ON,L5L 3A2,905-820-9844,1,0
No Frills,3930,Vince's No Frills,1 York Gate Blvd,North York,ON,M3N 3A1,416-739-1504,1,0
No Frills,3931,Rocca's No Frills,269 Coxwell Avenue,Toronto,ON,M4L 3B5,416-461-5353,1,0
No Frills,3933,James & Jenn's No Frills,1380 2nd Street East,Cornwall,ON,K6H 2B6,613-933-3562,1,0
No Frills,3934,La Rosa's No Frills,Unit 2 - 3100 Garden St.,Whitby,ON,L1R 2G8,905-666-4977,0,1
No Frills,3935,Henderickx's No Frills,1226 Place D'Orleans Drive,Ottawa,ON,K1C 7K3,613-590-1097,1,0
No Frills,3936,Vito's No Frills,3685 Keele Street,North York,ON,M3J 3H6,416-398-3021,1,0
No Frills,3937,Jim's No Frills,10488 Yonge St.,Richmond Hill,ON,L4C 3G7,905-884-2600,1,0
No Frills,3939,Steve & Liz's No Frills,5887 Main Street,Stouffville,ON,L4A 8A9,905-642-9359,0,0
No Frills,7801,Box by No Frills,3975 Wyandotte St. E.,Windsor,ON,N8Y 1G4,519-944-2643,0,0
No Frills,7802,Box by No Frills,640 Queenston Rd,Hamilton,ON,L8K 1K2,905 560-1638,0,0
T & T Supermarket,,,715 Central Parkway West,Mississauga,ON,L5B 4L1,905-848-8113,0,0
T & T Supermarket,,,5661 Steeles Avenue East,Scarborough,ON,M1V 5P6,416-321-8113,0,0
T & T Supermarket,,,1 Promenade Circle,Thornhill,ON,L4J 4P8,905-763-8113,0,0
T & T Supermarket,,,222 Cherry Street,Toronto,ON,M5A 3L2,416-463-8113,0,0
T & T Supermarket,,,8339 Kennedy Road,Markham,ON,L3R 5T5,(905) 470-9113,0,0
T & T Supermarket,,,7070 Warden Avenue,Markham,ON,L3R 5Y2,905-470-8113,0,0
T & T Supermarket,,,9625 Yonge Street,Richmond Hill,ON,L4C 5T2,905-737-9113,0,0
T & T Supermarket,,,9255 Woodbine Avenue,Markham,ON,L6C 1Y9,905-927-9113,0,0
T & T Supermarket,,,224 Hunt Club Road,Ottawa,ON,K1V 1C1,613-731-8113,0,0